Brand,Company,Date,ProductDescription,ProductType,Reason,Url,Terminated
Multiple brand names,"Gold Star Distribution, Inc.",12/26/2025,"All FDA-regulated products held at facility including drugs, medical devices, cosmetics, dietary supplements, human food, and pet food","Animal & Veterinary, Foodborne Illness, Cosmetics, Foodborne Illness, Dietary Supplements, Foodborne Illness, Drugs, Foodborne Illness, Food & Beverages, Foodborne Illness, Medical Devices, Foodborne Illness","Potential Salmonella contamination, presence of rodent and avian contamination and insanitary conditions during the storage process.",https://www.fda.gov/safety/recalls-market-withdrawals-safety-alerts/gold-star-distribution-inc-issues-recall-certain-fda-regulated-products-three-states-including-drugs,
"Country Vet, Heartland Harvest","Consumers Supply Distributing, LLC",12/24/2025,Dog Biscuits,"Animal & Veterinary, Foodborne Illness, Pet Food, Food & Beverages, Foodborne Illness, Pet Food",Potential to be contaminated with Salmonella,https://www.fda.gov/safety/recalls-market-withdrawals-safety-alerts/consumers-supply-distributing-llc-recalls-country-vet-biscuits-dogs-due-possible-salmonella-health,
Willy Pete’s Chocolates,Willy Pete’s Chocolate Company LLC,12/23/2025,Almond Despair chocolate bar,"Food & Beverages, Allergens",Potential or Undeclared Allergen - Almond,https://www.fda.gov/safety/recalls-market-withdrawals-safety-alerts/recall-notice-willy-petes-chocolate-company-llc-harwinton-issues-recall-chocolate-bars-due-almonds,
Atwater's,Atwater's,12/23/2025,Cookie tins,"Food & Beverages, Allergens","Undeclared tree nut allergens, almonds, pecans, and walnuts.",https://www.fda.gov/safety/recalls-market-withdrawals-safety-alerts/atwaters-issues-allergy-alert-undeclared-tree-nut-allergen-cookie-tin-labels,
Gregory's Foods,"Gregory's Foods, Inc.",12/23/2025,Bag Full of Cookies White Chocolate Macadamia Nut Frozen Cookie Dough,"Food & Beverages, Allergens",Undeclared peanuts,https://www.fda.gov/safety/recalls-market-withdrawals-safety-alerts/gregorys-foods-issues-allergy-alert-undeclared-peanuts-bag-full-cookies-white-chocolate-macadamia,
Choceur,"Silvestri Sweet, Inc.",12/23/2025,Holiday Bark,"Food & Beverages, Allergens",Undeclared pecans and wheat,https://www.fda.gov/safety/recalls-market-withdrawals-safety-alerts/silvestri-sweets-expands-voluntary-allergy-alert-undeclared-pecan-and-wheat-cookie-butter-holiday,
Virgo,Handelnine Global Limited d/b/a Navafresh,12/22/2025,Rheumacare Capsules,Drugs,Elevated levels of lead,https://www.fda.gov/safety/recalls-market-withdrawals-safety-alerts/handelnine-global-limited-dba-navafresh-issues-nationwide-recall-rheumacare-capsules-virgo-uap,
Troemner Family Farm,Troemner Farm,12/22/2025,Pfeffernusse Cookies,"Food & Beverages, Allergens","Undeclared milk, wheat, and soy allergens",https://www.fda.gov/safety/recalls-market-withdrawals-safety-alerts/troemner-roemner-farm-issues-allergy-alert-undeclared-milk-wheat-and-soy-pfeffernusse-cookies,
Fran’s,Contains undeclared hazelnut,12/20/2025,Almondmilk Chocolate 46% Madagascar Plant-Based,"Food & Beverages, Allergens",Contains undeclared hazelnut,https://www.fda.gov/safety/recalls-market-withdrawals-safety-alerts/frans-chocolates-ltd-issues-allergy-alert-undeclared-hazelnuts-frans-pure-bar-almondmilk-chocolate,
Market 32 and Waterfront Bistro,Direct Source Seafood LLC,12/19/2025,Frozen Raw Shrimp,"Food & Beverages, Contaminants, Shellfish","Product may have been prepared, packed, or held under conditions whereby they may have become exposed to very low levels of cesium-137 (Cs-137)",https://www.fda.gov/safety/recalls-market-withdrawals-safety-alerts/direct-source-seafood-llc-recalling-frozen-raw-shrimp-because-product-may-have-become-contaminated,
Higher Harvest by H-E-B,PlantBased Innovations,12/19/2025,"Dairy-Free Coconut Yogurt, Strawberry flavor","Food & Beverages, Allergens",May contain undeclared almond,https://www.fda.gov/safety/recalls-market-withdrawals-safety-alerts/plantbased-innovations-issues-allergy-alert-undeclared-almond-h-e-b-dairy-free-coconut-yogurt,
Olympus,Olympus Corporation,12/18/2025,Single use ligating device,Medical Devices,PolyLoop device may fail to detach as expected and become anchored to patient anatomy,https://www.fda.gov/safety/recalls-market-withdrawals-safety-alerts/olympus-announces-voluntary-corrective-action-single-use-ligating-device,
Charlevoix Cheese Company,Boss Dairy Farms,12/18/2025,Milk Cheddar Cheese,"Food & Beverages, Foodborne Illness, Cheese/Cheese Product",Potential to be contaminated with Listeria monocytogenes.,https://www.fda.gov/safety/recalls-market-withdrawals-safety-alerts/boss-dairy-farms-voluntarily-recalls-retail-mild-cheddar-cheese-because-possible-health-risk,
Publix,"A.S.K. Foods, LLC",12/18/2025,Publix Rice & Pigeon Peas,"Food & Beverages, Allergens",Contains undeclared soy,https://www.fda.gov/safety/recalls-market-withdrawals-safety-alerts/ask-foods-llc-issues-allergy-alert-undeclared-soy-publix-rice-pigeon-peas,
No Brand,Primavera Nueva Inc.,12/17/2025,Tamales,"Food & Beverages, Foodborne Illness",Potential presence of Listeria monocytogenes.,https://www.fda.gov/safety/recalls-market-withdrawals-safety-alerts/primavera-nueva-inc-issues-voluntary-recall-select-4-count-tamales-because-possible-health-risk,
MR7 Super 700000,StuffbyNainax LLC,12/16/2025,Dietary supplement for male enhancement,"Dietary Supplements, Drugs",Undeclared Sildenafil and Tadalafil,https://www.fda.gov/safety/recalls-market-withdrawals-safety-alerts/stuffbynainax-llc-issues-voluntary-nationwide-recall-mr7-super-700000-dietary-supplement-due,
"ReBoost, ClearLife",MediNatura New Mexico Inc.,12/16/2025,"Nasal spray, 0.68 fl oz",Drugs,"Product has been found to contain yeast/mold and microbial contamination with one species identified as Achromobacter, at levels above specifications.",https://www.fda.gov/safety/recalls-market-withdrawals-safety-alerts/medinatura-new-mexico-inc-expands-voluntary-nationwide-recall-reboost-nasal-spray-and-include,
Publix,The James Skinner LLC,12/16/2025,Publix Raspberry Coffee Cake,"Food & Beverages, Allergens",Label does not declare walnuts in the ingredient list.,https://www.fda.gov/safety/recalls-market-withdrawals-safety-alerts/james-skinner-llc-issues-voluntary-recall-publix-maple-walnut-coffee-cake-due-incorrect-labeling,
Ukrop’s,"Ukrop;s Homestyle Foods, LLC",12/15/2025,Decorated pound cakes,Food & Beverages,Undeclared soy,https://www.fda.gov/safety/recalls-market-withdrawals-safety-alerts/ukrops-homestyle-foods-announces-recall-due-undeclared-allergen,
So Delicious,Danone U.S.,12/15/2025,Non-dairy frozen dessert,Food & Beverages,Potential presence of foreign materials such as stones and other hard objects.,https://www.fda.gov/safety/recalls-market-withdrawals-safety-alerts/so-delicious-dairy-freer-salted-caramel-cluster-frozen-dessert-pints-voluntarily-recalled-danone-us,
Town Food Service Equipment Co.,"Town Food Service Equipment Co., Inc.",12/12/2025,4 sizes of aluminum saucepans with capacities ranging from 1 quart to 3 quarts,Food & Beverages,Aluminum saucepans recalled because they have the potential to be contaminated with lead (Pb) which may leach into food.,https://www.fda.gov/safety/recalls-market-withdrawals-safety-alerts/town-food-service-equipment-co-inc-recalls-aluminum-saucepans-because-possible-health-risk,
Bengal King,South Asian Food Inc,12/12/2025,Jhal Chanachur food treats,Food & Beverages,May contain undeclared peanut allergen,https://www.fda.gov/safety/recalls-market-withdrawals-safety-alerts/south-asian-food-inc-issues-allergy-alert-undeclared-peanuts-bengal-king-jhal-chanachur,
White Castle,White Castle Food Products LLC,12/12/2025,"Original Sliders, frozen, 4 count carton",Food & Beverages,May contain undeclared milk and soy allergens,https://www.fda.gov/safety/recalls-market-withdrawals-safety-alerts/white-castle-frozen-food-division-recalls-frozen-4-count-cartons-original-sliders-due-undeclared,
Lunds & Byerlys,Lunds & Byerlys,12/10/2025,Monster cookies,Food & Beverages,"May contain undeclared peanut, egg, and soy allergens",https://www.fda.gov/safety/recalls-market-withdrawals-safety-alerts/lunds-byerlys-voluntary-recalls-lb-monster-cookies-due-incorrect-labeling,
Meal Simple,Bakkavor USA,12/10/2025,Red Lentil Dal Soup,Food & Beverages,May contain undeclared milk allergens,https://www.fda.gov/safety/recalls-market-withdrawals-safety-alerts/bakkavor-usa-issues-allergy-alert-16-ounce-meal-simple-red-lentil-dal-soup-due-undeclared-milk,
Nutrena® Country Feeds®,Cargill Animal Nutrition & Health,12/10/2025,"Nutrena® Country Feeds® Cracked Corn for livestock, 50 lb. bag","Animal & Veterinary, Animal Feed","Product may contain aflatoxin levels that exceed the Food and Drug Administration (FDA) action level for immature animals, wildlife, equines, small ruminants, and dairy animals.",https://www.fda.gov/safety/recalls-market-withdrawals-safety-alerts/cargill-conducts-voluntary-recall-single-lot-nutrenar-country-feedsr-cracked-corn-livestock-due,
ReBoost,MediNatura New Mexico Inc.,12/10/2025,"Nasal spray, 0.68 fl oz",Drugs,"Product has been found to contain yeast/mold and microbial contamination with one species identified as Achromobacter, at levels above specifications.",https://www.fda.gov/safety/recalls-market-withdrawals-safety-alerts/medinatura-new-mexico-inc-issues-voluntary-nationwide-recall-reboost-nasal-spray-due-microbial,
Lucky Foods,TBC Distribution Corporate,12/09/2025,"Lucky Foods brand Cinnamon Powder 40g, best before date 15.09.2027, packaged in a vacuum or modified atmosphere 40g pouch with a brown label",Food & Beverages,Potential to be contaminated with elevated levels of lead,https://www.fda.gov/safety/recalls-market-withdrawals-safety-alerts/tbc-distribution-corporate-recalls-lucky-foods-brand-cinnamon-powder-because-possible-health-risk,
Grandma Belle’s,Lil’ Turtles,12/09/2025,Tomato Basil Soup,Food & Beverages,Potential or Undeclared Allergen – Undeclared Milk,https://www.fda.gov/safety/recalls-market-withdrawals-safety-alerts/lil-turtles-issues-voluntary-recall-due-undeclared-milk-allergen,
Wegmans,"Mellace Family Brands California, Inc.",12/05/2025,Deluxe Mixed Nuts Unsalted (34 oz tubs and 11.5 oz bags),Food & Beverages,Product may be contaminated with Salmonella,https://www.fda.gov/safety/recalls-market-withdrawals-safety-alerts/mellace-family-brands-california-inc-recalls-wegmans-deluxe-mixed-nuts-unsalted-34-oz-and-115-oz,
Bonnihill Farms,Fromm Family Foods,12/03/2025,"BeefiBowls Beef Recipe gently cooked frozen dog food, 16 oz. chubs","Animal & Veterinary, Contaminants, Animal Feed, Food & Beverages, Contaminants, Animal Feed",Potential foreign plastic contamination,https://www.fda.gov/safety/recalls-market-withdrawals-safety-alerts/fromm-family-foods-voluntarily-recalls-bonnihill-beefibowls-food-dogs-due-potential-foreign-material,
Vetoquinol,Vetoquinol USA,12/02/2025,FOLLTROPIN Injectable Kits for Cattle,Animal & Veterinary,Presence of particulate matter,https://www.fda.gov/safety/recalls-market-withdrawals-safety-alerts/vetoquinol-usa-inc-recalls-six-lots-folltropin-injectable-kits-cattle-due-presence-particulate,
Ritz,Mondelez Global LLC,12/02/2025,Peanut Butter Cracker Sandwiches,"Food & Beverages, Allergens",Potential or Undeclared Allergen – Undeclared Peanut,https://www.fda.gov/safety/recalls-market-withdrawals-safety-alerts/mondelez-global-llc-conducts-limited-voluntary-recall-1-sku-ritz-peanut-butter-cracker-sandwiches,
Anthony’s,Anthony’s BBQ Sauce,11/26/2025,Barbecue Sauce,,May contain undeclared Anchovy (fish).,https://www.fda.gov/safety/recalls-market-withdrawals-safety-alerts/anthonys-bbq-issues-allergy-alert-undeclared-fish-anchovy-anthonys-barbecue-dip-it-sauce,
Prairie Farms,Prairie Farms,11/26/2025,Fat Free Milk,"Food & Beverages, Contaminants",May contain food-grade cleaning agents,https://www.fda.gov/safety/recalls-market-withdrawals-safety-alerts/prairie-farms-announces-recall-prairie-farms-gallon-fat-free-milk,
Locatelli,"Wegmans Food Markets, Inc.",11/26/2025,Grated Pecorino Romano Cheese,"Food & Beverages, Foodborne Illness",Potential presence of Listeria monocytogenes.,https://www.fda.gov/safety/recalls-market-withdrawals-safety-alerts/wegmans-recalls-locatelli-grated-pecorino-romano-cheese-due-possible-health-risk,
Choceur,"Silvestri Sweet, Inc.",11/26/2025,Bark candy with nuts and fruit,"Food & Beverages, Allergens",Undeclared pecans and wheat,https://www.fda.gov/safety/recalls-market-withdrawals-safety-alerts/silvestri-sweets-issues-voluntary-allergy-alert-undeclared-pecan-and-wheat-cookie-butter-holiday,
Belevini,"Mamtakim, Inc.",11/25/2025,"Dried Whole Salted Smelt, Mullet, Goby","Food & Beverages, Foodborne Illness",Potential to be contaminated with Clostridium botulinum.,https://www.fda.gov/safety/recalls-market-withdrawals-safety-alerts/mamtakim-inc-recalls-dried-whole-smelts-salted-korushka-because-possible-health-risk,
Boar’s Head,"Supreme Service Solutions, LLC.",11/24/2025,Chicken Caesar Salad and Wrap,Food & Beverages,Due to the potential presence of Listeria monocytogenes,https://www.fda.gov/safety/recalls-market-withdrawals-safety-alerts/supreme-deli-llc-voluntarily-recalls-boars-head-pecorino-romano-cheese-because-possible-health-risk,
Prime Food,Prime Food Processing LLC,11/20/2025,Lava Buns,"Food & Beverages, Allergens",Undeclared milk allergen,https://www.fda.gov/safety/recalls-market-withdrawals-safety-alerts/prime-food-processing-llc-issues-allergy-alert-undeclared-milk-lava-bun-w-salted-egg-yolk-and-lava,
Majestic Chef Pan,SHATA TRADERS INC,11/19/2025,Milk Pan 24cm,Food & Beverages,Product has the potential to be contaminated with significant levels of lead (Pb) which may leach into food,https://www.fda.gov/safety/recalls-market-withdrawals-safety-alerts/shata-traders-inc-recalls-chef-brand-milk-pan-24cm-because-possible-health-risk,
Jeni’s,Jeni’s Splendid Ice Cream,11/18/2025,Passion Fruit Dreamsicle Ice Cream Bars,"Food & Beverages, Allergens","Undeclared allergen - soy, wheat.",https://www.fda.gov/safety/recalls-market-withdrawals-safety-alerts/jenis-splendid-ice-cream-voluntarily-recalls-passion-fruit-dreamsicle-ice-cream-bars-due-undeclared,
Tops,MANGALM LLC,11/18/2025,Mixed Fruit Jam and Strawberry Jam,"Food & Beverages, Allergens",Undeclared Carmoisine,https://www.fda.gov/safety/recalls-market-withdrawals-safety-alerts/mangalm-llc-recalls-tops-mixed-fruit-jam-and-tops-strawberry-jam-product-because-possible-health,
Face Rock Creamery,Face Rock Creamery LLC,11/15/2025,Vampire Slayer Garlic Cheddar cheese,"Food & Beverages, Foodborne Illness",Potential to be contaminated with Listeria monocytogenes,https://www.fda.gov/safety/recalls-market-withdrawals-safety-alerts/face-rock-creamery-llc-recalls-6oz-vampire-slayer-garlic-cheddar-because-possible-health-risk,
Food To Live,Food To Live,11/13/2025,Organic Supergreens Powder Mix and Organic Moringa Leaf Powder,"Food & Beverages, Foodborne Illness",Potential to be contaminated with Salmonella,https://www.fda.gov/safety/recalls-market-withdrawals-safety-alerts/food-live-voluntarily-recalls-organic-moringa-products-because-possible-health-risk,
Africa Imports,Africa Imports,11/12/2025,Organic Moringa Leaf Powder,Food & Beverages,Potential to be contaminated with Salmonella,https://www.fda.gov/safety/recalls-market-withdrawals-safety-alerts/africa-imports-issues-voluntary-recall-organic-moringa-leaf-powder-due-potential-salmonella,
ByHeart,ByHeart Inc.,11/11/2025,Whole Nutrition Infant formula 24 oz cans and 0.6oz packets,"Food & Beverages, Foodborne Illness",Potential Foodborne Illness – Clostridium botulinum,https://www.fda.gov/safety/recalls-market-withdrawals-safety-alerts/byheart-updates-information-regarding-voluntary-recall-all-batches-byheart-whole-nutrition-infant,
Moonlight/Kroger,Moonlight Companies,11/09/2025,Yellow and white peaches,Food & Beverages,Potential to be contaminated with Listeria monocytogenes.,https://www.fda.gov/safety/recalls-market-withdrawals-safety-alerts/moonlight-companies-voluntarily-recalls-california-grown-conventional-yellow-and-white-peaches,
ByHeart,ByHeart Inc.,11/08/2025,Whole Nutrition Infant formula,Food & Beverages,Potential Foodborne Illness – Clostridium botulinum,https://www.fda.gov/safety/recalls-market-withdrawals-safety-alerts/response-broader-fda-investigation-byheart-initiates-voluntary-recall-two-batches-infant-formula,
Fresenius Kabi,"Fresenius Kabi USA, LLC",11/07/2025,"Famotidine Injection, USP 20 mg per 2 mL",Drugs,Out-of-specification endotoxin results,https://www.fda.gov/safety/recalls-market-withdrawals-safety-alerts/fresenius-kabi-issues-voluntary-nationwide-recall-three-lots-famotidine-injection-usp-20-mg-2-ml-10,
African Food on Wheels Inc.,African Food on Wheels Inc.,11/06/2025,Oven Dried Fish (Scomberomorus cavalla),Food & Beverages,Potential to be contaminated with Clostridium botulinum,https://www.fda.gov/safety/recalls-market-withdrawals-safety-alerts/african-food-wheels-inc-recalls-oven-dried-fish-scomberomorus-cavalla-because-possible-health-risk,
"Blue Oven Bakery, Inc.","Blue Oven Bakery, Inc.",11/06/2025,English muffin,Food & Beverages,Undeclared milk,https://www.fda.gov/safety/recalls-market-withdrawals-safety-alerts/blue-oven-bakery-inc-issues-voluntary-recall-due-undeclared-milk-allergens-their-english-muffin,
SiluetaYa,SiluetaYa,11/04/2025,Tejocote Root dietary supplement,Dietary Supplements,Product contains yellow oleander,https://www.fda.gov/safety/recalls-market-withdrawals-safety-alerts/siluetaya-recalls-tejocote-product-because-possible-health-risk,
Haagen-Dazs,"Dreyer’s Grand Ice Cream, Inc.",11/04/2025,Ice Cream Bars,Food & Beverages,May contain undeclared wheat,https://www.fda.gov/safety/recalls-market-withdrawals-safety-alerts/dreyers-grand-ice-cream-inc-issues-allergy-alert-undeclared-wheat-haagen-dazs-chocolate-dark,
Snow Fruit,JFE Franchising Inc.,11/04/2025,Peach Salsa,"Food & Beverages, Foodborne Illness",Potential to be contaminated with Listeria monocytogenes.,https://www.fda.gov/safety/recalls-market-withdrawals-safety-alerts/jfe-franchising-inc-issues-voluntary-recall-associated-nationwide-peach-recall-because-possible,
ICU Medical,Otsuka ICU Medical LLC,11/03/2025,20 mEq Potassium Chloride Injection,Drugs,Potential for Potassium chloride overdose: 20 mEq Potassium Chloride Injection is Mislabeled As 10 mEq Potassium Chloride Injection,https://www.fda.gov/safety/recalls-market-withdrawals-safety-alerts/otsuka-icu-medical-llc-issues-voluntary-nationwide-recall-20-meq-potassium-chloride-injection-due,
First & Last,First and Last Bakery LLC,11/03/2025,"Marinara Sauce, Puttanesca Sauce, and Meat Flavored Pasta Sauce",Food & Beverages,Potential for Clostridium botulinum hazard as the product is manufactured without an approved schedule,https://www.fda.gov/safety/recalls-market-withdrawals-safety-alerts/first-and-last-bakery-llc-recalls-first-and-last-brand-tomato-sauce-products-because-possible-health,
Olympus,Olympus Corporation,11/03/2025,Bronchofiberscopes and bronchovideoscopes,Medical Devices,Potential for endobronchial combustion,https://www.fda.gov/safety/recalls-market-withdrawals-safety-alerts/olympus-issues-voluntary-labeling-update-bronchoscopes-used-laser-therapy-equipment,
Supreme Produce,Supreme Produce,11/03/2025,Peach Salsa,Food & Beverages,Potential to be contaminated with Listeria monocytogenes.,https://www.fda.gov/safety/recalls-market-withdrawals-safety-alerts/supreme-produce-llc-voluntarily-recalls-moonlight-peaches-because-possible-health-risk,
Monarch Premium,"Vanguard Enterprises, LLC. DBA Bedrock MFG",10/31/2025,"Bali Gold, Red Bali, Green Maeng Da, and White Elephant Kratom powder","Food & Beverages, Foodborne Illness",Potential to be contaminated with Salmonella,https://www.fda.gov/safety/recalls-market-withdrawals-safety-alerts/vanguard-enterprises-llc-dba-bedrock-mfg-recalls-monarch-premium-kratom-powder-because-possible,
Hoque,New Hoque & Sons Inc.,10/29/2025,Dry Ghoinnya Fish,Food & Beverages,Product was found to be uneviscerated. Uneviscerated fish have been linked to outbreaks of botulism poisoning.,https://www.fda.gov/safety/recalls-market-withdrawals-safety-alerts/new-hoque-sons-inc-issues-alert-uneviscerated-dry-ghoinnya-fish,
Purity Products,Dwater,10/28/2025,Dietary Supplement for bladder support,Dietary Supplements,Potential contamination with Escherichia coli O7:K1 and 1303,https://www.fda.gov/safety/recalls-market-withdrawals-safety-alerts/purity-products-announces-recall-dietary-supplement-my-bladder-because-possible-health-risk,
Martin’s and Giant/Casa Mamita,"Teasdale Foods, Inc.",10/28/2025,Taco Dinner Kits,Food & Beverages,May contain undeclared milk.,https://www.fda.gov/safety/recalls-market-withdrawals-safety-alerts/teasdale-latin-foods-issues-allergy-alert-potential-undeclared-milk-certain-taco-dinner-kits,
Hampton Farms,Hampton Farms,10/28/2025,Mixed Nuts,Food & Beverages,Undeclared hazelnut allergen,https://www.fda.gov/safety/recalls-market-withdrawals-safety-alerts/hampton-farms-recalls-mixed-nuts-roasted-unsalted-8-oz-and-mixed-nuts-roasted-and-salted-8-oz,
DEVI,Homeneeds Inc.,10/28/2025,Ground Cinnamon,"Food & Beverages, Contaminants",Potential Metal Contaminant - Lead,https://www.fda.gov/safety/recalls-market-withdrawals-safety-alerts/homeneeds-inc-recalls-devi-brand-ground-cinnamon-dalchini-powder-because-possible-health-risk,
Pacific,Pacific International Marketing,10/28/2025,Italian Parsley,"Food & Beverages, Foodborne Illness",Potential Foodborne Illness – Salmonella contamination,https://www.fda.gov/safety/recalls-market-withdrawals-safety-alerts/pacific-international-marketing-recalls-fresh-italian-parsley-because-possible-health-risk,
Twin Sisters Creamery,"Twin Sisters Creamery, Inc.",10/27/2025,"Whatcom Blue, Farmhouse, Peppercorn and Mustard Seed cheese products",Food & Beverages,Potential Foodborne Illness - Shiga toxin-producing Escherichia coli (STEC) and Escherichia coli O103,https://www.fda.gov/safety/recalls-market-withdrawals-safety-alerts/twin-sisters-creamery-recalls-whatcom-blue-farmhouse-peppercorn-and-mustard-seed-cheese-products,
Twin Sisters Creamery,Peterson Company,10/27/2025,Whatcom Blue and Farmhouse cheese products,Food & Beverages,Potential Foodborne Illness - Shiga toxin-producing Escherichia coli (STEC) and Escherichia coli O103,https://www.fda.gov/safety/recalls-market-withdrawals-safety-alerts/peterson-company-recalls-twin-sisters-creamery-brand-whatcom-blue-and-farmhouse-cheese-products,
Deli Express,E. A. Sween Company,10/27/2025,BBQ Pulled Pork Sandwich,Food & Beverages,Due to the potential presence of foreign particles (plastic).,https://www.fda.gov/safety/recalls-market-withdrawals-safety-alerts/ea-sween-company-announces-product-recall-due-choking-hazard,
Zingerman’s Candy,Zingerman’s Candy Manufactory,10/27/2025,Peanut Butter Crush and Ca$hew Cow candy bars,Food & Beverages,Potential or Undeclared Allergen – Undeclared Cashew and Peanut,https://www.fda.gov/safety/recalls-market-withdrawals-safety-alerts/zingermans-candy-manufactory-issues-allergy-alert-undeclared-peanut-cashew-candy-bars,
Haetae,"Haitai, Inc",10/17/2025,Ground cinnamon,Food & Beverages,Potential Metal Contaminant - Lead,https://www.fda.gov/safety/recalls-market-withdrawals-safety-alerts/haitai-inc-recalls-haetae-ht-brand-cinnamon-powder-8-oz-possible-risk,
Nat’s Nuts,Nat’s Nuts,10/17/2025,Cinnamon Whiskey Pecans,Food & Beverages,Undeclared cashews,https://www.fda.gov/safety/recalls-market-withdrawals-safety-alerts/nats-nuts-issues-allergy-alert-potential-undeclared-cashews-nats-nuts-brand-cinnamon-whiskey-pecans,
Cabot Creamery,Jody's Inc.,10/17/2025,Sea Salt Caramel Cheddar Popcorn,"Food & Beverages, Allergens",Due to presence of undeclared peanuts,https://www.fda.gov/safety/recalls-market-withdrawals-safety-alerts/jodys-inc-recalls-cabot-creamery-sea-salt-caramel-cheddar-popcorn-due-undeclared-peanuts-corrected,
Kenz Henz,Kenz Henz,10/17/2025,Grade AA Large Pasture Raised Eggs,Food & Beverages,Potential to be contaminated with Salmonella,https://www.fda.gov/safety/recalls-market-withdrawals-safety-alerts/kenz-henz-recalls-pastured-raised-eggs-because-possible-health-risk,
Publix,Publix,10/17/2025,Rich & Creamy Vanilla Ice Cream,"Food & Beverages, Allergens",May contain undeclared egg allergen,https://www.fda.gov/safety/recalls-market-withdrawals-safety-alerts/publix-rich-creamy-vanilla-ice-cream-voluntarily-recalled-select-areas,
"AquaStar, Best Yet, Waterfront Bistro, Publix",AquaStar Corp,10/17/2025,Frozen Raw Shrimp,"Food & Beverages, Foodborne Illness, Shellfish","Product may have been prepared, packed, or held under conditions whereby they may have become exposed to very low levels of cesium-137 (Cs-137)",https://www.fda.gov/safety/recalls-market-withdrawals-safety-alerts/aquastar-usa-corp-recalls-shrimp-because-possible-health-risk,
Ben’s Original,Ben’s Original,10/14/2025,"Long Grain White, Whole Grain Brown, and Long Grain & Wild Ready Rice","Food & Beverages, Contaminants",Potential Foreign Body Contaminant – Small Stones,https://www.fda.gov/safety/recalls-market-withdrawals-safety-alerts/bens-originaltm-issues-voluntary-recall-select-bens-original-long-grain-white-whole-grain-brown-and,
Raw Bistro,Raw Bistro Pet Fare,10/10/2025,Frozen Beef Dog Food,"Animal & Veterinary, Foodborne Illness, Pet Food, Food & Beverages, Foodborne Illness, Pet Food",Potential Foodborne Illness - Salmonella,https://www.fda.gov/safety/recalls-market-withdrawals-safety-alerts/raw-bistro-pet-fare-voluntarily-recalls-frozen-beef-entree-because-possible-salmonella-health-risk,
Foodynamics,Foodynamics,10/09/2025,Freeze Dried Pet Treats,"Animal & Veterinary, Foodborne Illness, Food & Beverages, Foodborne Illness",Potential Foodborne Illness – Salmonella,https://www.fda.gov/safety/recalls-market-withdrawals-safety-alerts/correction-foodynamics-recalls-raw-dog-barkery-bellepepper-cats-and-kanu-pets-brand-freeze-dried-pet,
Sprouts,Sprouts Farmers Market,10/09/2025,Smoked Mozzarella Pasta Salad,"Food & Beverages, Foodborne Illness",Potential Foodborne Illness – Listeria monocytogenes,https://www.fda.gov/safety/recalls-market-withdrawals-safety-alerts/sprouts-farmers-market-recalling-smoked-mozzarella-pasta-salad-because-possible-health-risk,
Fusia Asian Inspirations,TAI FOONG USA,10/08/2025,Veggie Spring Rolls,"Food & Beverages, Allergens",Undeclared shrimp allergen,https://www.fda.gov/safety/recalls-market-withdrawals-safety-alerts/tai-foong-usa-issues-allergy-alert-undeclared-shrimp-fusia-asian-inspirations-veggie-spring-rolls,
TRUE METRIX,"Trividia Health, Inc.",10/07/2025,Blood Glucose Meters,Medical Devices,Potential for defective LCD displays that can affect product performance,https://www.fda.gov/safety/recalls-market-withdrawals-safety-alerts/trividia-health-inc-initiates-voluntary-recall-limited-number-true-metrixr-blood-glucose-meters,
Durra,Eureka Inc.,10/07/2025,Ground cinnamon,"Food & Beverages, Contaminants, Spices, Flavors &  Salts",Potential Metal Contaminant - Lead,https://www.fda.gov/safety/recalls-market-withdrawals-safety-alerts/durra-ground-cinnamon-100-g-because-possible-health-risk,
Sno Pac/Del Mar,"Sno Pac Foods, Inc.",10/07/2025,Frozen Spinach,"Food & Beverages, Foodborne Illness",Potential to be contaminated with Listeria monocytogenes,https://www.fda.gov/safety/recalls-market-withdrawals-safety-alerts/sno-pac-foods-recalls-del-mar-35-lb-bulk-frozen-spinach-and-10-oz-organic-frozen-cut-spinach,
Twin Marquis,Twin Marquis LLC,10/04/2025,Thick Shanghai Style Plain Noodles,"Food & Beverages, Allergens",Potential or Undeclared Allergen - Egg,https://www.fda.gov/safety/recalls-market-withdrawals-safety-alerts/twin-marquis-llc-voluntarily-recalls-twin-marquisr-thick-shanghai-style-plain-noodle-packages-due,
"Kroger, Baker’s, City Market, Dillons, Fred Meyer, Fry’s, Gerbes, King Soopers, Payless, Ralphs and Smith’s",The Kroger Co.,10/04/2025,Basil Pesto Bowtie Salad and Smoked Mozzarella Penne Salad,"Food & Beverages, Foodborne Illness",Potential Foodborne Illness – Listeria monocytogenes,https://www.fda.gov/safety/recalls-market-withdrawals-safety-alerts/kroger-voluntarily-recalls-two-varieties-deli-pasta-salads-because-possible-health-risk,
Giant Eagle,"Giant Eagle, Inc.",10/03/2025,Smoked Mozzarella Pasta Salad,"Food & Beverages, Foodborne Illness",Potential listeria monocytogenes contamination,https://www.fda.gov/safety/recalls-market-withdrawals-safety-alerts/giant-eagle-recalls-smoked-mozzarella-pasta-salad-due-potential-listeria-monocytogenes-contamination,
Nature’s Own,"Best Buy Bones, Inc.",10/03/2025,Pet Chews Bully Bites Treats,"Animal & Veterinary, Food & Beverages",Potential Foodborne illness - Salmonella,https://www.fda.gov/safety/recalls-market-withdrawals-safety-alerts/best-buy-bones-inc-recalls-natures-own-pet-chews-bully-bites-because-possible-salmonella-health-risk,
Multiple brand names,Albertsons Companies,10/02/2025,Bowtie Pasta Salads and Meals,"Food & Beverages, Foodborne Illness",Possible Listeria monocytogenes contamination,https://www.fda.gov/safety/recalls-market-withdrawals-safety-alerts/update-albertsons-companies-voluntarily-recalls-select-store-made-deli-items-containing-bowtie-pasta,
Scott & Jon's,Demers Food Group,10/02/2025,Shrimp Scampi with Linguini,"Food & Beverages, Foodborne Illness",Potential Listeria monocytogenes contamination.,https://www.fda.gov/safety/recalls-market-withdrawals-safety-alerts/demers-food-group-voluntarily-recalls-select-scott-jons-shrimp-scampi-linguini-bowls-due-ingredient,
Signature,New Age International Inc,10/01/2025,Enoki Mushrooms,"Food & Beverages, Foodborne Illness",Product may be contaminated with Listeria monocytogenes,https://www.fda.gov/safety/recalls-market-withdrawals-safety-alerts/new-age-international-recalls-signature-enoki-mushrooms-due-potential-health-risk,
Sea Port,Sea Port Products Corp,10/01/2025,Raw Frozen Easy Peel White Shrimp Jumbo size 16/20,"Food & Beverages, Contaminants",Product May Have Become Contaminated with Cesium-137 (Cs-137),https://www.fda.gov/safety/recalls-market-withdrawals-safety-alerts/sea-port-products-corp-recalling-raw-frozen-easy-peel-white-shrimp-because-product-may-have-become,
Doan's Bakery,Doan's Bakery,10/01/2025,White Chocolate Coconut & Carrot Bundt Cakes,"Food & Beverages, Allergens","Undeclared allergens, wheat and milk",https://www.fda.gov/safety/recalls-market-withdrawals-safety-alerts/doans-bakery-issues-allergy-update-undeclared-wheat-and-milk-allergens-bundt-cakes,
Albertsons Companies,Albertsons Companies,09/30/2025,Bowtie Pasta Salads and Meals,"Food & Beverages, Foodborne Illness",Possible Listeria monocytogenes contamination,https://www.fda.gov/safety/recalls-market-withdrawals-safety-alerts/albertsons-companies-voluntarily-recalls-select-store-made-deli-items-containing-bowtie-pasta,
Lunds & Byerlys,Abdallah Inc.,09/30/2025,Chocolate candy with nuts.,"Food & Beverages, Allergens","Due to a mislabeled allergen, cashews",https://www.fda.gov/safety/recalls-market-withdrawals-safety-alerts/abdallah-candies-issues-voluntary-recall-pecan-caramel-clusters-due-undeclared-mislabeled-allergens,
Tru Fru,Georgia Nut Company,09/29/2025,Freeze Dried Fruit snacks,"Food & Beverages, Contaminants",Due to potential presence of metal in the product.,https://www.fda.gov/safety/recalls-market-withdrawals-safety-alerts/georgia-nut-company-gnc-third-party-manufacturer-tru-fru-llc-issues-voluntary-recall-specific,
"Wholesale Produce Supply, LLC.","Wholesale Produce Supply, LLC.",09/29/2025,Fresh Cut Cantaloupe,"Food & Beverages, Foodborne Illness, Fruit/Fruit Product",Potential to be contaminated with Listeria monocytogenes,https://www.fda.gov/safety/recalls-market-withdrawals-safety-alerts/wholesale-produce-supply-minneapolis-minnesota-recalling-fresh-cutprocessed-cantaloupe-because-it,
G&L Food,"Gansu Zhaofeng Agricultural Development Co., Ltd.",09/27/2025,Dried Bean Curd,Food & Beverages,Undeclared wheat allergen,https://www.fda.gov/safety/recalls-market-withdrawals-safety-alerts/gansu-zhaofeng-agricultural-development-co-ltd-voluntarily-recalling-its-dried-bean-curd-due,
Wise Wife,SLR Food Distribution,09/26/2025,Cinnamon powder,"Food & Beverages, Contaminants, Spices, Flavors &  Salts",Potential to be contaminated with elevated levels of lead,https://www.fda.gov/safety/recalls-market-withdrawals-safety-alerts/slr-food-distribution-inc-recalls-wise-wife-brand-ground-cinnamon-because-possible-health-risk,
AquaStar,Aquastar Corp,09/25/2025,"Shrimp Skewers, Raw Peeled Tail-on","Food & Beverages, Contaminants, Shellfish",Potential Foodborne Illness - possible radionuclide (Cesium-137) contamination,https://www.fda.gov/safety/recalls-market-withdrawals-safety-alerts/aquastar-usa-corp-recalls-aquastar-raw-shrimp-skewers-because-possible-health-risk,
Goot Essa,Goot Essa LLC,09/25/2025,Der Mutterschaf Cheese,"Food & Beverages, Foodborne Illness, Cheese/Cheese Product",Potential contamination with Listeria monocytogenes,https://www.fda.gov/safety/recalls-market-withdrawals-safety-alerts/goot-essa-recalls-der-mutterschaf-cheese-because-possible-health-risk,
Sprout Organics,Sprout Organics,09/23/2025,"Sweet Potato Apple and Spinach, 3.5-ounce pouch","Food & Beverages, Contaminants",Potential Metal Contaminant - Lead,https://www.fda.gov/safety/recalls-market-withdrawals-safety-alerts/sprout-organics-expands-voluntary-recall-sweet-potato-apple-and-spinach-include-additional-lot-codes,
Pinocchio,Lee K of NY INC,09/23/2025,Stewed Aged Kimchi w/ Mackerel,"Food & Beverages, Allergens",Potential or Undeclared Allergen – Milk and Shrimp,https://www.fda.gov/safety/recalls-market-withdrawals-safety-alerts/lee-k-ny-issue-allergy-alert-undeclared-allergen-milk-and-shrimp-stewed-aged-kimchi-wmackerel,
Kroger,LAWRENCE WHOLESALE LLC,09/23/2025,Frozen shrimp,"Food & Beverages, Contaminants, Shellfish",Due to possible radionuclide (Cesium-137) contamination.,https://www.fda.gov/safety/recalls-market-withdrawals-safety-alerts/lawrence-wholesale-llc-recalls-kroger-bagged-frozen-shrimp-and-kroger-frozen-shrimp-products-because,
Sand Bar/Arctic Shores/Best Yet/Great American/First Street,"Southwind Foods, LLC",09/23/2025,Frozen Shrimp,"Food & Beverages, Contaminants, Shellfish",Potential Foodborne Illness - possible radionuclide (Cesium-137) contamination,https://www.fda.gov/safety/recalls-market-withdrawals-safety-alerts/updated-release-southwind-foods-llc-recalls-frozen-shrimp-because-possible-health-risk-0,
Olympus,Olympus Corporation,09/22/2025,ViziShot 2 FLEX (19G) EBUS -TBNA needles,Medical Devices,Device Components May Detach During Procedures,https://www.fda.gov/safety/recalls-market-withdrawals-safety-alerts/olympus-issues-voluntary-recall-specific-lots-vizishot-2-flex-19g-ebus-tbna-needles,
"Kroger, Kroger Mercado, AquaStar",Aquastar Corp,09/21/2025,"Raw Shrimp, Cooked Shrimp, Shrimp Skewers","Food & Beverages, Contaminants, Shellfish",Due to possible radionuclide (Cesium-137) contamination,https://www.fda.gov/safety/recalls-market-withdrawals-safety-alerts/aquastar-usa-corp-recalls-kroger-frozen-raw-ez-peel-kroger-mercado-frozen-cooked-shrimp-and-aquastar,
Kirkland Signature,Western United Fish Company dba Annasea Foods Group,09/20/2025,Ahi Tuna Wasabi Poke,"Food & Beverages, Foodborne Illness",Product has the potential to be contaminated with Listeria monocytogenes,https://www.fda.gov/safety/recalls-market-withdrawals-safety-alerts/western-united-fish-company-recalls-kirkland-signature-brand-ahi-tuna-wasabi-poke-because-possible,
Haifa,Haifa Smoked Fish,09/17/2025,Cold Smoked Salmon and Cold Smoked Seabass,"Food & Beverages, Foodborne Illness",Potential contamination with Listeria monocytogenes,https://www.fda.gov/safety/recalls-market-withdrawals-safety-alerts/haifa-smoked-fish-recalls-cold-smoked-salmon-and-cold-smoked-seabass-due-possible-health-risk,
Sprout Organics,Sprout Organics,09/16/2025,"Sweet Potato Apple and Spinach, 3.5-ounce pouch","Food & Beverages, Contaminants",Product may contain elevated levels of lead,https://www.fda.gov/safety/recalls-market-withdrawals-safety-alerts/sprout-organics-voluntarily-recalls-one-lot-sweet-potato-apple-and-spinach-due-possible-health-risk,
BD Alaris,BD,09/15/2025,BD Alaris Pump Module model 8100 used with a subset of compatible pump infusion sets,Medical Devices,Pump performance variations compared to the performance described in the user manual could impact infusion delivery,https://www.fda.gov/safety/recalls-market-withdrawals-safety-alerts/bd-provides-update-voluntary-recall-certain-bd-alaristm-pump-infusion-sets,
Goodles,"Gooder Foods, Inc",09/11/2025,Flavored pasta,"Food & Beverages, Allergens",Undeclared milk and cashews,https://www.fda.gov/safety/recalls-market-withdrawals-safety-alerts/gooder-foods-issues-allergy-alert-undeclared-milk-and-cashews-goodles-vegan-believin-plant-based,
No Brand,Gina Marie Bakery,09/10/2025,Cookies,"Food & Beverages, Allergens","Undeclared almonds, sesame, Red 40, Red 3, Blue 1, Yellow 5, Red 40, Yellow 6",https://www.fda.gov/safety/recalls-market-withdrawals-safety-alerts/gina-marie-bakery-waterbury-issues-recall-cookies-due-undeclared-almonds-sesame-and-food-dyes,
Good & Gather,"One Frozen, LLC",09/10/2025,Frozen Burrito Bowl,"Food & Beverages, Allergens",Undeclared shrimp (shellfish),https://www.fda.gov/safety/recalls-market-withdrawals-safety-alerts/one-frozen-llc-voluntarily-recalls-good-gathertm-southwest-style-burrito-bowl-blend-frozen-12oz-bags,
Deep,CHETAK LLC GROUP,09/10/2025,Frozen fruits and vegetables,"Food & Beverages, Foodborne Illness",Salmonella,https://www.fda.gov/safety/recalls-market-withdrawals-safety-alerts/chetak-llc-group-expands-voluntary-product-recall-include-additional-frozen-vegetable-and-fruit,
"Middlefield Original Cheese Co-op, Sunrise Creamery",Middlefield Original Cheese Co-op,09/08/2025,Cheese,"Food & Beverages, Foodborne Illness, Cheese/Cheese Product",Potential contamination with-Listeria monocytogenes,https://www.fda.gov/safety/recalls-market-withdrawals-safety-alerts/middlefield-original-cheese-co-op-recalls-organic-gouda-colored-cheddar-mozzarellaprovolone-pepper,
Endico,Endico Potatoes Inc.,09/04/2025,"Frozen Peas and Carrots, Mixed Vegetables","Food & Beverages, Foodborne Illness",Potential contamination with Listeria monocytogenes,https://www.fda.gov/safety/recalls-market-withdrawals-safety-alerts/endico-potatoes-inc-recalls-25lb-bags-frozen-peas-and-carrots-and-mixed-vegetables-because-possible,
G.Nutt,Ice Cream Factory,09/02/2025,Vanilla G.Nutt Ice Cream,"Food & Beverages, Allergens",Undeclared almond allergen,https://www.fda.gov/safety/recalls-market-withdrawals-safety-alerts/ice-cream-factory-issues-allergy-alert-undeclared-almond-vanilla-gnutt-ice-cream,
Hans Kissle,Hans Kissle,08/29/2025,Red Bliss Potato Salad,"Food & Beverages, Allergens",Undeclared wheat,https://www.fda.gov/safety/recalls-market-withdrawals-safety-alerts/hans-kissle-llc-issues-allergy-alert-undeclared-wheat-allergen-hans-kissle-red-potato-bliss-salad-0,
Sand Bar/Arctic Shores/Best Yet/Great American/First Street,"Southwind Foods, LLC.",08/29/2025,Frozen shrimp,"Food & Beverages, Contaminants, Shellfish",Due to possible radionuclide (Cesium-137) contamination.,https://www.fda.gov/safety/recalls-market-withdrawals-safety-alerts/updated-release-southwind-foods-llc-recalls-frozen-shrimp-because-possible-health-risk,
Green Lumber,"Green Lumber Holding, LLC.",08/29/2025,Dietary Supplement,Drugs,Undeclared prescription drug-Tadalafil,https://www.fda.gov/safety/recalls-market-withdrawals-safety-alerts/green-lumber-holding-llc-issues-consumer-alert-counterfeit-products-following-fda-findings,
Kroger,Aquastar Corp,08/28/2025,Mercado Frozen Cooked Shrimp,"Food & Beverages, Contaminants, Shellfish",Potential Contaminant – cesium-137 (Cs-137),https://www.fda.gov/safety/recalls-market-withdrawals-safety-alerts/aquastar-usa-corp-recalls-kroger-mercado-frozen-cooked-shrimp-because-possible-health-risk,
DermaRite,DermaRite Industries,08/28/2025,"Hand Sanitizers, Cleansers, Skin Protectants, Deodorant",Drugs,Device & Drug Safety - Potential Burkholderia cepacian contamination,https://www.fda.gov/safety/recalls-market-withdrawals-safety-alerts/dermarite-industries-expands-voluntary-nationwide-recall-due-potential-burkholderia-cepacia,
Aqua Star,Aquastar Corp,08/28/2025,Cocktail Shrimp,"Food & Beverages, Contaminants, Shellfish",Potential Contaminant – cesium-137 (Cs-137),https://www.fda.gov/safety/recalls-market-withdrawals-safety-alerts/aquastar-usa-corp-recalls-cocktail-shrimp-6oz-because-possible-health-risk,
Unichem Pharmaceuticals,Unichem Pharmaceuticals,08/27/2025,Cyclobenzaprine Hydrochloride Tablets USP 10 mg,Drugs,Device & Drug Safety – Mislabel,https://www.fda.gov/safety/recalls-market-withdrawals-safety-alerts/unichem-pharmaceuticals-usa-inc-issues-voluntary-nationwide-recall-cyclobenzaprine-hydrochloride,
"Country Eggs, NIJIYA, GOLDEN YOLK","Country Eggs, LLC",08/27/2025,Large Brown Cage Free Eggs,"Food & Beverages, Foodborne Illness",Potential Foodborne Illness - Salmonella,https://www.fda.gov/safety/recalls-market-withdrawals-safety-alerts/country-eggs-llc-recalls-large-brown-cage-free-sunshine-yolks-because-possible-health-risk,
Taylor Farms,Taylor Fresh Foods,08/26/2025,Honey Balsamic Salad Kit,"Food & Beverages, Allergens",Undeclared Allergen – Sesame and Soy,https://www.fda.gov/safety/recalls-market-withdrawals-safety-alerts/company-voluntarily-recalls-honey-balsamic-salad-kit-due-potential-undeclared-sesame-and-soy,
Viva,Viva Raw LLC.,08/25/2025,Ground Beef for Dogs and Ground Chicken for Dogs and Cats,"Animal & Veterinary, Foodborne Illness, Food & Beverages, Foodborne Illness",Salmonella and Listeria monocytogenes contamination,https://www.fda.gov/safety/recalls-market-withdrawals-safety-alerts/viva-raw-issues-voluntary-recall-two-lots-dog-and-cat-foods-due-salmonella-and-listeria,
Blue Bell,"Blue Bell Creameries, L.P.",08/22/2025,Ice Cream,"Food & Beverages, Allergens","Undeclared almond, walnut, and pecan",https://www.fda.gov/safety/recalls-market-withdrawals-safety-alerts/blue-bell-ice-cream-issues-allergy-alert-undeclared-almond-walnut-and-pecan-moo-llennium-crunch-ice,
Great Value,"Beaver Street Fisheries, LLC",08/22/2025,Frozen Raw Shrimp,"Food & Beverages, Contaminants, Shellfish",Possible contamination with radionuclide (Cesium-137),https://www.fda.gov/safety/recalls-market-withdrawals-safety-alerts/beaver-street-fisheries-llc-recalls-great-value-frozen-raw-shrimp-because-possible-health-risk,
Sand Bar/Arctic Shores/Best Yet/Great American/First Street,"Southwind Foods, LLC.",08/21/2025,Frozen shrimp,"Food & Beverages, Contaminants, Shellfish",Due to possible radionuclide (Cesium-137) contamination.,https://www.fda.gov/safety/recalls-market-withdrawals-safety-alerts/southwind-foods-llc-recalls-frozen-shrimp-because-possible-health-risk,
B. Braun,"B. Braun Medical, Inc.",08/19/2025,Lactated Ringer’s Injection USP 1000 mL/0.9% Sodium Chloride Injection USP 1000 mL,Drugs,Due to the presence of particulate matter.,https://www.fda.gov/safety/recalls-market-withdrawals-safety-alerts/b-braun-medical-issues-voluntary-nationwide-recall-lactated-ringers-injection-usp-1000-ml-and-09,
Middlefield Original Cheese Co-op/Copia Collective/Farmers Cheese,Middlefield Original Cheese Co-op,08/18/2025,Cheese,"Food & Beverages, Foodborne Illness, Cheese/Cheese Product",Potential contamination with Listeria monocytogenes,https://www.fda.gov/safety/recalls-market-withdrawals-safety-alerts/middlefield-original-cheese-co-op-recalls-100-grass-fed-pepper-jack-cheese-and-horseradish-flavored,
Brie Royal Faucon,Fromi USA,08/14/2025,Brie Royal Faucon Cheese,Food & Beverages,Potential contamination with Listeria monocytogenes,https://www.fda.gov/safety/recalls-market-withdrawals-safety-alerts/fromi-usa-recalls-brie-royal-faucon-1kg-because-possible-health-risk,
Quesito El Establo,Quesito El Establo,08/13/2025,Spanish Cheese (Quesito Colombiano),"Food & Beverages, Foodborne Illness, Cheese/Cheese Product","Due to the presence of rodent, rodent activity, and other insanitary conditions during the manufacturing and storage process",https://www.fda.gov/safety/recalls-market-withdrawals-safety-alerts/quesito-el-establo-retira-del-mercado-queso-quesito-colombiano-debido-posible-riesgo-para-la-salud,
"Tandem Diabetes Care, Inc.","Tandem Diabetes Care, Inc.",08/12/2025,t:slim X2 insulin pumps,Medical Devices,Potential speaker-related issue that can trigger an error resulting in a discontinuation of insulin delivery,https://www.fda.gov/safety/recalls-market-withdrawals-safety-alerts/tandem-diabetes-care-issues-voluntary-medical-device-correction-select-tslim-x2-insulin-pumps,
Max Mobility/Permobil,"Max Mobility, LLC.",08/12/2025,Speed Control Dial Component,Medical Devices,Due to potential safety and performance concerns,https://www.fda.gov/safety/recalls-market-withdrawals-safety-alerts/max-mobility-permobil-announces-worldwide-expanded-recall-and-removal-all-speedcontrol-dials-market,
Clover Valley,Dollar General Corporation,08/12/2025,Instant coffee,Food & Beverages,Potential presence of glass,https://www.fda.gov/safety/recalls-market-withdrawals-safety-alerts/dollar-general-announces-voluntary-recall-clover-valleyr-instant-coffee-due-potential-presence-glass,
Wegmans,Wegmans New York,08/12/2025,Cheeses,"Food & Beverages, Foodborne Illness, Cheese/Cheese Product",Potential Foodborne Illness - Listeria monocytogenes,https://www.fda.gov/safety/recalls-market-withdrawals-safety-alerts/wegmans-food-markets-inc-recalls-various-wegmans-camembert-soft-ripened-cheese-products-because,
Quesito El Establo,Quesito El Establo,08/12/2025,Spanish Cheese (Quesito Colombiano),"Food & Beverages, Foodborne Illness, Cheese/Cheese Product","Due to the presence of rodent, rodent activity, and other insanitary conditions during the manufacturing and storage process",https://www.fda.gov/safety/recalls-market-withdrawals-safety-alerts/quesito-el-establo-recalls-spanish-cheese-quesito-colombiano-because-possible-health-risk,
Neuhaus,Neuhaus Chocolates NV,08/10/2025,Belgian Chocolate Moments Smurfs Popping Milk Chocolates with Cookies,"Food & Beverages, Allergens",Undeclared wheat allergen,https://www.fda.gov/safety/recalls-market-withdrawals-safety-alerts/neuhaus-issues-allergy-alert-undeclared-wheat-belgian-chocolate-moments-smurfs-popping-milk,
"DermaKleen, Dermasarra, Kleenfoam, and Perigiene","DermaRite Industries, LL",08/09/2025,"OTC antiseptic lotion soaps, external analgesics, antimicrobial foam soaps, and antiseptic cleansers",Drugs,Contamination with Burkholderia cepacia,https://www.fda.gov/safety/recalls-market-withdrawals-safety-alerts/dermarite-industries-issues-voluntary-nationwide-recall-dermakleen-dermasarra-kleenfoam-and,
Friendly’s,"DFA Dairy Brands, LLC",08/06/2025,Cookies and Cream Ice Cream,"Food & Beverages, Allergens",Undeclared wheat and soy allergens,https://www.fda.gov/safety/recalls-market-withdrawals-safety-alerts/friendlys-issues-allergy-alert-undeclared-soywheat-friendlys-cookies-cream-ice-cream,
Hans Kissle,Hans Kissle,08/05/2025,Red Bliss Potato Salad,"Food & Beverages, Allergens",Undeclared wheat,https://www.fda.gov/safety/recalls-market-withdrawals-safety-alerts/hans-kissle-llc-issues-allergy-alert-undeclared-wheat-allergen-hans-kissle-red-potato-bliss-salad,
Member’s Mark,"Doehler Dry Ingredient Solutions, LLC",07/31/2025,Freeze dried fruit,"Food & Beverages, Foodborne Illness",Potential Foodborne Illness – Listeria monocytogenes,https://www.fda.gov/safety/recalls-market-withdrawals-safety-alerts/doehler-dry-ingredient-solutions-llc-recalls-members-mark-freeze-dried-fruit-variety-pack-listeria,
"High Noon, Celsius",High Noon,07/30/2025,Energy Drink,Food & Beverages,Cans contain alcohol,https://www.fda.gov/safety/recalls-market-withdrawals-safety-alerts/high-noon-announces-recall-its-vodka-seltzer-beach-pack-12-pack-due-inclusion-celsiusr-astro-vibe-tm,
"Randalls, Albertsons, Tom Thumb",Albertsons,07/28/2025,Additional Tuna Salad products,"Food & Beverages, Foodborne Illness",Potential Foodborne Illness – Listeria monocytogenes,https://www.fda.gov/safety/recalls-market-withdrawals-safety-alerts/albertsons-companies-stores-arkansas-louisiana-oklahoma-and-texas-voluntarily-expands-recall-select,
Hillside Orchard Farms,Hillside Orchard Farms,07/28/2025,Fruit Bread and Fritters,"Food & Beverages, Allergens",Undeclared Allergen – Egg,https://www.fda.gov/safety/recalls-market-withdrawals-safety-alerts/hillside-orchard-farms-recalls-various-fruit-breads-fritters-due-undeclared-egg,
"La Michoacana, Helados Mexico",Tropicale Foods,07/26/2025,Ice cream products,"Food & Beverages, Allergens",Undeclared milk,https://www.fda.gov/safety/recalls-market-withdrawals-safety-alerts/tropicale-foods-recalls-certain-helados-mexico-and-la-michoacana-products-due-undeclared-milk,
Parashore,WW Industrial Group,07/23/2025,Canned Sliced Pears,"Food & Beverages, Contaminants",Potential Metal Contaminant – Lead and Cadmium,https://www.fda.gov/safety/recalls-market-withdrawals-safety-alerts/ww-industrial-group-recalls-pear-slices-juice-due-elevated-levels-lead-and-cadmium,
Jewel Osco,Jewel Osco,07/21/2025,Tuna Salad Products,"Food & Beverages, Foodborne Illness",Potential Foodborne Illness – Listeria monocytogenes,https://www.fda.gov/safety/recalls-market-withdrawals-safety-alerts/jewel-osco-stores-illinois-indiana-and-iowa-voluntarily-recalls-select-items-containing-tuna-salad,
"Randalls, Albertsons",Albertsons,07/21/2025,Tuna Salad products,"Food & Beverages, Foodborne Illness",Potential Foodborne Illness – Listeria monocytogenes,https://www.fda.gov/safety/recalls-market-withdrawals-safety-alerts/albertsons-companies-stores-arkansas-louisiana-oklahoma-and-texas-voluntarily-recalls-select-items,
Nirwana Foods,Nirwana Foods LLC,07/18/2025,Golden Raisins,"Food & Beverages, Allergens",Undeclared sulfites,https://www.fda.gov/safety/recalls-market-withdrawals-safety-alerts/nirwana-foods-issues-allergy-alert-undeclared-sulfites-golden-raisin-28oz-pouch-label,
Alaris™ and BD Alaris™,"Becton, Dickinson and Company",07/17/2025,Pump Modules,Medical Devices,May have been serviced with previously recalled bezel kit assemblies,https://www.fda.gov/safety/recalls-market-withdrawals-safety-alerts/bd-issues-update-voluntary-global-recall-alaristm-and-bd-alaristm-pump-modules-serviced-legacy-bezel,
L'espoir,"Jalux Americas, Inc.(dba J.sweets)",07/17/2025,"L’espoir and Drycapot cookies,","Food & Beverages, Allergens",Undeclared milk and tree nuts (almonds and macadamia nuts),https://www.fda.gov/safety/recalls-market-withdrawals-safety-alerts/jalux-americas-inc-dba-jsweets-issues-allergy-alert-undeclared-tree-nuts-and-milk-lespoir-brand,
Deep,CHETAK LLC GROUP,07/16/2025,Sprouted Moong (sprouted mung beans),"Food & Beverages, Foodborne Illness",Salmonella,https://www.fda.gov/safety/recalls-market-withdrawals-safety-alerts/chetak-llc-group-recalls-product-because-possible-health-risk,
Sandoz,"Sandoz, Inc.",07/15/2025,"Cefazolin for Injection, USP, 1 gm vial",,Vials incorrectly labelled as Penicillin G Potassium for Injection contain Cefazolin for Injection,https://www.fda.gov/safety/recalls-market-withdrawals-safety-alerts/update-sandoz-inc-issues-voluntary-nationwide-recall-expansion-one-additional-lot-cefazolin,
ARAL SILVER VOBLA,KRASNIY OKTYABR INC. USA,07/15/2025,EVISCERATE DRY SALTED VOBLA ARAL SILVER,"Food & Beverages, Foodborne Illness",Potential Foodborne Illness – Clostridium botulinum,https://www.fda.gov/safety/recalls-market-withdrawals-safety-alerts/krasniy-oktyabr-inc-usa-issues-alert-eviscerate-dry-salted-vobla-aral-silver,
Nostrum Laboratories,"Nostrum Laboratories, Inc.",07/14/2025,Sucralfate Tablets USP 1 gram,Drugs,Company closure and discontinuation of quality activities.,https://www.fda.gov/safety/recalls-market-withdrawals-safety-alerts/nostrum-laboratories-inc-issues-voluntary-nationwide-recall-sucralfate-tablets-usp-1-gram-within,
YoCrunch®,Danone U.S.,07/14/2025,Yogurt with topper,"Food & Beverages, Foodborne Illness",Potential presence of plastic pieces in the dome topper.,https://www.fda.gov/safety/recalls-market-withdrawals-safety-alerts/yocrunchr-products-voluntarily-recalled-danone-us-due-potential-presence-plastic-pieces-dome-topper,
Lewis Bake Shop,"Hartford Bakery, Inc.",07/14/2025,Artisan Style 1/2 Loaf,"Food & Beverages, Allergens",Undeclared hazelnuts,https://www.fda.gov/safety/recalls-market-withdrawals-safety-alerts/updated-release-hartford-bakery-inc-issues-allergy-alert-undeclared-hazelnuts-lewis-bake-shop,
Emek,World Market,07/14/2025,Spread Pistachio Cacao Cream with Kadayif,"Food & Beverages, Foodborne Illness",Salmonella,https://www.fda.gov/safety/recalls-market-withdrawals-safety-alerts/world-market-recalls-emek-spread-pistachio-cacao-cream-kadayif-due-salmonella-contamination,
LLK TRADING INC.,LLK TRADING INC.,07/13/2025,Needle mushroom,Food & Beverages,Potential Foodborne Illness – Listeria monocytogenes,https://www.fda.gov/safety/recalls-market-withdrawals-safety-alerts/llk-trading-inc-recalls-needle-mushrooms-because-possible-health-risk,
Peeters and Aunt Mid’s,Wiet Peeters Farm Products Limited,07/11/2025,Fresh sliced and Cremini sliced mushrooms,"Food & Beverages, Foodborne Illness",Potential Foodborne Illness - Listeria monocytogenes,https://www.fda.gov/safety/recalls-market-withdrawals-safety-alerts/wiet-peeters-farm-products-limited-recalls-aunt-mids-fresh-sliced-mushrooms-peeters-mushroom-farm,
Lewis Bake Shop,"Hartford Bakery, Inc.",07/10/2025,Artisan Style 1/2 Loaf,"Food & Beverages, Allergens, Bakery Product/Mix",Undeclared hazelnuts,https://www.fda.gov/safety/recalls-market-withdrawals-safety-alerts/hartford-bakery-inc-issues-allergy-alert-undeclared-hazelnuts-lewis-bake-shop-artisan-style-12-loaf,
Sheehan Brothers Vending,Sheehan Brothers Vending,07/10/2025,"Cheeseburgers, Spicy Chicken Sandwich, Italian Mini Subs, Pepperoni Pizza Sub, Chili Cheese Coney and BBQ Riblet w/coleslaw","Food & Beverages, Allergens",Undeclared sesame,https://www.fda.gov/safety/recalls-market-withdrawals-safety-alerts/sheehan-brothers-vending-issues-voluntary-recall-due-undeclared-sesame-allergen,
Payback®,"CHS, Inc.",07/09/2025,Champion Lamb Text B30 with Power Booster,"Animal & Veterinary, Foodborne Illness, Food & Beverages, Foodborne Illness",Elevated levels of copper,https://www.fda.gov/safety/recalls-market-withdrawals-safety-alerts/chs-inc-recalls-payback-champion-lamb-feed-due-elevated-copper-health-risk,
Wei-Chuan,Natureen International Inc.,07/09/2025,Dried Black Fungus Slice,"Food & Beverages, Foodborne Illness",Salmonella,https://www.fda.gov/safety/recalls-market-withdrawals-safety-alerts/natureen-international-inc-recalls-wei-chuan-dried-black-fungus-slice-25oz-because-possible-health,
Ritz,Mondelez Global LLC,07/08/2025,Peanut butter cracker sandwiches,"Food & Beverages, Allergens",Undeclared Allergen – Peanut,https://www.fda.gov/safety/recalls-market-withdrawals-safety-alerts/mondelez-global-llc-conducts-us-voluntary-recall-four-carton-sizes-ritz-peanut-butter-cracker,
Wegmans,"Mellace Family Brands California, Inc.",06/30/2025,Semi-sweet Chocolate,"Food & Beverages, Allergens",Undeclared milk allergen,https://www.fda.gov/safety/recalls-market-withdrawals-safety-alerts/mellace-family-brands-california-inc-issues-allergy-alert-undeclared-milk-allergen-wegmans-semi,
Sandoz,Sandoz Inc.,06/27/2025,"Cefazolin for Injection, USP, 1 gm vial",Drugs,Potential Presence of Penicillin G Potassium Injection Vial,https://www.fda.gov/safety/recalls-market-withdrawals-safety-alerts/sandoz-inc-issues-voluntary-nationwide-recall-one-lot-cefazolin-injection-due-product-mispackaging,
Danshi,"SHANG HAO JIA, INC",06/27/2025,Spicy Shredded Tofu,Food & Beverages,Undeclared Sesame,https://www.fda.gov/safety/recalls-market-withdrawals-safety-alerts/shang-hao-jia-inc-issues-allergy-alert-undeclared-sesame-danshi-brand-spicy-shredded-tofu,
Kilwins,"Kilwins Quality Confections, LLC",06/25/2025,Mocha Truffles,"Food & Beverages, Allergens",Undeclared pecans,https://www.fda.gov/safety/recalls-market-withdrawals-safety-alerts/kilwins-quality-confections-llc-issues-allergy-alert-undeclared-pecans-mocha-truffles,
Face Rock Creamery,Face Rock Creamer,06/21/2025,Vampire Slayer Garlic Cheddar Curds,"Food & Beverages, Foodborne Illness",Potential Foodborne Illness – Listeria monocytogenes,https://www.fda.gov/safety/recalls-market-withdrawals-safety-alerts/face-rock-creamery-voluntarily-recalls-vampire-slayer-garlic-cheddar-curds-because-possible-health,
JLM,Lipari Foods,06/20/2025,Dark chocolate nonpareils,"Food & Beverages, Allergens",Undeclared milk allergen,https://www.fda.gov/safety/recalls-market-withdrawals-safety-alerts/lipari-foods-issues-allergy-alert-undeclared-milk-dark-chocolate-nonpareils,
SE Grocers,Undeclared milk allergen,06/20/2025,Dark chocolate nonpareils,"Food & Beverages, Allergens",SE Grocers,https://www.fda.gov/safety/recalls-market-withdrawals-safety-alerts/international-foodsource-llc-issues-allergy-alert-nonpareil-semi-sweet-chocolate-christmas-seeds,
Sabores A Tu Mesa,Sabores Fit Bakery,06/20/2025,Mousse Desserts,"Food & Beverages, Allergens",Undeclared milk allergen,https://www.fda.gov/safety/recalls-market-withdrawals-safety-alerts/sabores-bakery-dba-sabores-tu-mesa-issues-allergy-alert-undeclared-milk-mousse-desserts,
Little Remedies,Medtech Products Inc.,06/18/2025,Honey Cough Syrup,"Food & Beverages, Foodborne Illness",Potential Foodborne Illness – Bacillus cereus,https://www.fda.gov/safety/recalls-market-withdrawals-safety-alerts/medtech-products-inc-issues-nationwide-recall-little-remediesr-honey-cough-syrup-due-microbial,
Weaver Nut Company,Weaver Nut Company,06/18/2025,Semi sweet chocolate pareils with white or Christmas colored seeds,"Food & Beverages, Allergens",Undeclared milk allergen,https://www.fda.gov/safety/recalls-market-withdrawals-safety-alerts/weaver-nut-company-inc-issues-allergy-alert-undeclared-milk-chocolate-nonpareils,
Fuentes Farms Inc,Fuentes Farms Inc.,06/16/2025,Cucumbers in bushel boxes,"Food & Beverages, Foodborne Illness",Potential Foodborne Illness – Salmonella,https://www.fda.gov/safety/recalls-market-withdrawals-safety-alerts/fuentes-farms-llc-recalls-product-because-possible-health-risk,
Frederick’s by Meijer,Meijer,06/16/2025,Dark Chocolate Almonds,"Food & Beverages, Allergens",Undeclared cashews,https://www.fda.gov/safety/recalls-market-withdrawals-safety-alerts/meijer-issues-recall-frederiks-dark-chocolate-almonds-due-presence-undeclared-cashews,
"Welby, Berkely Jensen and VitaGlobe",Vita Warehouse Corp.,06/13/2025,Gummy products,"Food & Beverages, Allergens",Undeclared allergen - peanut,https://www.fda.gov/safety/recalls-market-withdrawals-safety-alerts/vita-warehouse-corp-issues-allergy-alert-undeclared-peanut-allergen-aldi-welbyr-berkley-jensenr-and,
Floria,Turkana Food Inc.,06/12/2025,Dried Apricots,"Food & Beverages, Allergens",Potential or Undeclared Allergen - Sulfites,https://www.fda.gov/safety/recalls-market-withdrawals-safety-alerts/turkana-food-inc-recall-flora-dried-apricots-undeclared-sulfites-product-labeling-because-possible,
No Brand,Hofood99 Inc.,06/11/2025,Enoki Mushrooms,Food & Beverages,Potential Foodborne Illness – Listeria monocytogenes,https://www.fda.gov/safety/recalls-market-withdrawals-safety-alerts/hofood99-inc-recalls-enoki-mushroom-due-possible-health-risk,
Newport™,Medtronic,06/11/2025,Newport™ HT70 and HT70 Plus ventilators and certain related service parts,Medical Devices,Device & Drug Safety - Potential Defect,https://www.fda.gov/safety/recalls-market-withdrawals-safety-alerts/medtronic-announces-voluntary-recall-select-newporttm-ht70-and-newporttm-ht70-plus-ventilators-and,
No Brand,P. East Trading Corp Distributors,06/10/2025,Uneviscerated Salted Smoked Split Herring,"Food & Beverages, Foodborne Illness",Potential Foodborne Illness – Clostridium Botulinum,https://www.fda.gov/safety/recalls-market-withdrawals-safety-alerts/p-east-trading-corp-distributors-issues-alert-uneviscerated-salted-smoked-split-herring-due,
Bornstein Seafoods,Bornstein Seafoods Inc.,06/10/2025,Coldwater Shrimp Meat,"Food & Beverages, Foodborne Illness",Potential Foodborne Illness – Listeria monocytogenes,https://www.fda.gov/safety/recalls-market-withdrawals-safety-alerts/bornstein-seafoods-inc-recalls-cooked-peeled-ready-eat-coldwater-shrimp-meat-because-possible-health,
Multiple brand names,August Egg Company,06/06/2025,Brown cage free and brown certified organic eggs,Food & Beverages,Salmonella,https://www.fda.gov/safety/recalls-market-withdrawals-safety-alerts/august-egg-company-recalls-shell-eggs-because-possible-health-risk,
Zicam® and Orajel™,"Church & Dwight Co., Inc.",06/06/2025,"Cold Remedy Nasal Swabs, Nasal AllClear Swabs, Baby Teething Swabs",Drugs,Microbial contamination,https://www.fda.gov/safety/recalls-market-withdrawals-safety-alerts/church-dwight-co-inc-issues-voluntary-nationwide-recall-zicamr-cold-remedy-nasal-swabs-zicamr-nasal,
Multiple brands,"TGD Cuts, LLC.",06/04/2025,Fresh cucumbers and salsa and salads containing fresh cucumbers,Food & Beverages,Potential to be contaminated with Salmonella,https://www.fda.gov/safety/recalls-market-withdrawals-safety-alerts/tgd-cuts-llc-initiated-voluntary-recall-cucumber-bedner-growers-inc-which-had-potential-be,
Firehook,Firehook of Virginia,06/04/2025,Crackers,Food & Beverages,Undeclared Sesame,https://www.fda.gov/safety/recalls-market-withdrawals-safety-alerts/firehook-virginia-issues-allergy-alert-undeclared-sesame-classic-sea-salt-crackers,
Amneal,Amneal Pharmaceutical LLC,06/04/2025,"Sulfamethoxazole/Trimethoprim Tablets, USP, 400 mg/80 mg",Drugs,Microbial contamination,https://www.fda.gov/safety/recalls-market-withdrawals-safety-alerts/amneal-pharmaceutical-llc-issues-nationwide-recall-sulfamethoxazole-trimethoprim-tablets-usp-400,
Aldi brand Casa Mamita,Camerican International,06/03/2025,Churro Bites,"Food & Beverages, Allergens",Undeclared Milk,https://www.fda.gov/safety/recalls-market-withdrawals-safety-alerts/camerican-international-inc-issues-allergy-alert-undeclared-milk-aldi-brand-casa-mamita-churro-bites,
Shore Lunch,Homegrown Family Foods,05/29/2025,Breading and Batter Mix,Food & Beverages,Presence of Undeclared Milk,https://www.fda.gov/safety/recalls-market-withdrawals-safety-alerts/homegrown-family-foods-issues-allergy-alert-undeclared-milk-shore-lunch-oven-style-breader-batter,
"Kings, Isabelle’s Kitchen Inc., Maple Avenue Foods","Isabelle’s Kitchen, Inc.",05/29/2025,Salads containing fresh cucumbers.,"Food & Beverages, Foodborne Illness",Potential to be contaminated with Salmonella,https://www.fda.gov/safety/recalls-market-withdrawals-safety-alerts/isabelles-kitchen-inc-recalls-refrigerated-deli-salads-containing-fresh-cucumbers-because-possible,
Supreme Produce,"Supreme Service Solutions, LLC.",05/28/2025,Fresh cucumbers and salad and vegetable trays containing fresh cucumbers.,"Food & Beverages, Foodborne Illness, Produce",Due to possible contamination with Salmonella,https://www.fda.gov/safety/recalls-market-withdrawals-safety-alerts/supreme-service-solutions-llc-voluntarily-recalls-supreme-vegetable-products-because-possible-health-0,
"East Coast Fresh, TOPS, Wellsley Farms, WEIS, AHOLD, Jack and Olive, Created Fresh, Spring and Sprout",The Coastal Companies,05/27/2025,"Salads, salsas, and other products containing salsa containing fresh cucumbers","Food & Beverages, Foodborne Illness",Potential for Salmonella contamination.,https://www.fda.gov/safety/recalls-market-withdrawals-safety-alerts/coastal-companies-issues-voluntary-recall-items-fresh-start-cucumbers-due-potential-salmonella,
Aldi,Santa Monica Seafood,05/24/2025,Atlantic Salmon Portions with Seafood Stuffing,"Food & Beverages, Allergens",Undeclared allergen - soy,https://www.fda.gov/safety/recalls-market-withdrawals-safety-alerts/santa-monica-seafood-voluntarily-recalls-atlantic-salmon-portions-seafood-stuffing-due-undeclared,
Ready Meals & Star Market,Albertsons Companies,05/23/2025,Greek Salad,"Food & Beverages, Foodborne Illness",Salmonella,https://www.fda.gov/safety/recalls-market-withdrawals-safety-alerts/albertsons-companies-voluntarily-recalls-three-store-made-deli-items-containing-recalled-cucumber,
Tetra,Spectrum Brands Pet LLC,05/23/2025,ReptoMin 3-In-1 SELECT-A-FOOD reptile food,"Animal & Veterinary, Foodborne Illness, Food & Beverages, Foodborne Illness",Salmonella contamination,https://www.fda.gov/safety/recalls-market-withdrawals-safety-alerts/spectrum-brands-pet-llc-recalls-single-lot-tetra-reptomin-reptile-food-aquatic-turtles-because,
Marketside,Walmart Inc.,05/23/2025,Fresh cut cucumber slices,"Food & Beverages, Foodborne Illness",Salmonella,https://www.fda.gov/safety/recalls-market-withdrawals-safety-alerts/walmart-inc-recalls-marketside-fresh-cut-cucumber-slices-select-texas-stores-because-possible-health,
Snowfruit & Snowfox,JFE Franchising Inc.,05/23/2025,Fresh cut cucumber items and sushi products,"Food & Beverages, Foodborne Illness",Salmonella,https://www.fda.gov/safety/recalls-market-withdrawals-safety-alerts/jfe-franchising-inc-recalls-limited-number-cucumber-products-because-possible-health-risk-0,
PennRose Farms,"PennRose Farms, LLC",05/22/2025,Whole cucumbers,"Food & Beverages, Foodborne Illness",Salmonella,https://www.fda.gov/safety/recalls-market-withdrawals-safety-alerts/pennrose-farms-issues-recall-whole-cucumbers-because-possible-health-risk,
New Grain Gluten Free Bakery,New Grains Gluten Free Bakery,05/22/2025,"Breads, bagels, caramel bars, cookies and croutons","Food & Beverages, Allergens","Undeclared Allergen – Egg, tree nuts Soy and Milk",https://www.fda.gov/safety/recalls-market-withdrawals-safety-alerts/new-grains-gluten-free-bakery-issues-allergy-alert-undeclared-eggs-tree-nuts-soy-and-milk-bakery,
Big Y Foods,Big Y Foods,05/22/2025,"Made-to-order subs, wraps and paninis","Food & Beverages, Foodborne Illness",Salmonella,https://www.fda.gov/safety/recalls-market-withdrawals-safety-alerts/big-y-foods-recalls-made-order-subs-wraps-and-paninis-sold-massachusetts-and-connecticut-because,
UNAVY & UMOVY,UMARY USA,05/22/2025,Unavy Acidio Hialuronico (30 caplets/850 mg) and Umovy Acidio Hialuronico (30 caplets/850 mg),Drugs,"The product contains undeclared Dexamethasone, Diclofenac and Omeprazole",https://www.fda.gov/safety/recalls-market-withdrawals-safety-alerts/umary-usacom-issues-voluntary-nationwide-recall-unavy-acido-hialuronico-caplets-and-umovy-acido,
Ukrop’s,"Ukrop’s Homestyle Foods, LL",05/22/2025,Marinated cucumber Salad,"Food & Beverages, Foodborne Illness",Salmonella,https://www.fda.gov/safety/recalls-market-withdrawals-safety-alerts/ukrops-homestyle-foods-announces-recall-due-possible-health-risk,
GreenWise,Publix,05/22/2025,"Pear, Kiwi, Spinach & Pea Baby Food pouches","Dietary Supplements, Contaminants, Food & Beverages, Contaminants",Product may be contaminated with elevated levels of lead,https://www.fda.gov/safety/recalls-market-withdrawals-safety-alerts/publix-voluntarily-recalls-greenwise-pear-kiwi-spinach-pea-baby-food-pouches-due-lead,
No Brand Name,"Bedner Growers, Inc.",05/20/2025,Cucumbers,"Food & Beverages, Foodborne Illness",Salmonella,https://www.fda.gov/safety/recalls-market-withdrawals-safety-alerts/bedner-growers-inc-recalls-cucumbers-because-possible-health-risk,
Madeline’s Pâtisserie,"Element 112, LLC dba Madeline’s Pâtisserie",05/20/2025,Croissants and Croissant Buns,"Food & Beverages, Allergens",Undeclared allergen - wheat.,https://www.fda.gov/safety/recalls-market-withdrawals-safety-alerts/element-112-llc-dba-madelines-patisserie-issues-allergy-alert-undeclared-wheat-croissants-and,
RM Refresher,R&M Trading LLC,05/19/2025,Instant Milk Tea Powder,Food & Beverages,Undeclared milk,https://www.fda.gov/safety/recalls-market-withdrawals-safety-alerts/rm-trading-llc-issues-allergy-alert-undeclared-milk-rm-refresher-instant-milk-tea-powder,
Bengal King,South Asian Foods Inc.,05/16/2025,Family Pack Vegetable Singara,"Food & Beverages, Allergens",Undeclared Allergen – Peanut,https://www.fda.gov/safety/recalls-market-withdrawals-safety-alerts/south-asian-food-inc-issues-allergy-alert-undeclared-peanuts-bengal-king-family-pack-vegetable,
Ariana,Ariana Sweets Inc,05/14/2025,Afghani Corn Bread,"Food & Beverages, Allergens","Undeclared Allergen – Sesame, Wheat",https://www.fda.gov/safety/recalls-market-withdrawals-safety-alerts/ariana-sweets-inc-issues-allergy-alert-undeclared-sesame-and-wheat-afghani-corn-bread-doda,
Nature Mills,Nature Mills US,05/13/2025,"Rice Mixes, Soups, Spice Mixes, Porridge Mix, Papads and Vadam Products","Food & Beverages, Allergens","Undeclared Allergen – Wheat, Milk, Sesame",https://www.fda.gov/safety/recalls-market-withdrawals-safety-alerts/naturemills-us-inc-issues-allergy-alert-undeclared-wheat-milk-and-sesame-rice-mixes-soups-spice,
Bonya,Knockroe Inc.,05/12/2025,Low Fat Yogurt Parfaits,"Food & Beverages, Allergens, Yogurt/Yogurt Product",Undeclared Allergen – Tree Nuts (almonds),https://www.fda.gov/safety/recalls-market-withdrawals-safety-alerts/knockro-issues-allergy-alert-undeclared-almonds-bonya-yogurt-parfaits,
"Fresh & Ready Foods, Fresh Take Crave Away, City Point Market Fresh Food to Go",Fresh & Ready Foods LLC,05/11/2025,Ready to eat sandwiches and snack items,Food & Beverages,Potential Listeria monocytogenes Contamination,https://www.fda.gov/safety/recalls-market-withdrawals-safety-alerts/fresh-ready-foods-voluntarily-recalls-ready-eat-sandwiches-and-snack-items-sold-arizona-california,
New Grain Gluten Free Bakery,New Grains Gluten Free Bakery,05/09/2025,"Breads, bagels, cookies and croutons",Food & Beverages,"Products may contain undeclared eggs, soy, and milk",https://www.fda.gov/safety/recalls-market-withdrawals-safety-alerts/new-grains-gluten-free-bakery-issues-allergy-alert-undeclared-eggs-soy-and-milk-bakery-products,
Organic traditions,Advantage Health Matters Inc.,05/08/2025,Organic Jumbo Pumpkin Seeds,"Food & Beverages, Foodborne Illness",Potential Foodborne Illness - Salmonella,https://www.fda.gov/safety/recalls-market-withdrawals-safety-alerts/advantage-health-matters-inc-recalls-organic-jumbo-pumpkin-seeds-because-possible-health-risk,
Endurance Boost,EnShiShiXiangNiShangMaoYouXianGongSi,05/06/2025,Dietary supplement for male performance and energy,Drugs,"Undeclared Propoxyphenylsildenafil, Sildenafil",https://www.fda.gov/safety/recalls-market-withdrawals-safety-alerts/enshishixiangnishangmaoyouxiangongsi-issues-voluntary-nationwide-recall-endurance-boost-horny-goat,
New England Village Snacks,New England Village Foods,05/06/2025,19th Hole Snack Mix,"Food & Beverages, Allergens",Undeclared almonds and sesame,https://www.fda.gov/safety/recalls-market-withdrawals-safety-alerts/new-england-village-foods-issues-allergy-alert-undeclared-almonds-and-sesame-19th-hole-snack-mix,
President Brand,"Eats CL Trading, Inc.",05/05/2025,Licorice plum,"Food & Beverages, Allergens",Potential or Undeclared Allergen – sulfites Unapproved color – Amaranth (E123),https://www.fda.gov/safety/recalls-market-withdrawals-safety-alerts/east-trading-inc-issues-alert-undeclared-sulfites-licorice-plum,
Yellowstone,Vietti Food Group,05/05/2025,Baked Beans,"Food & Beverages, Allergens",Potential or Undeclared Allergen - Soy,https://www.fda.gov/safety/recalls-market-withdrawals-safety-alerts/vietti-food-group-issues-allergy-alert-undeclared-soy-15-oz-yellowstone-brown-sugar-molasses-baked,
Ray & Mascari Inc.,Ray & Mascari Inc,05/03/2025,Tomatoes,"Food & Beverages, Foodborne Illness, Produce",Potential Foodborne Illness - Salmonella,https://www.fda.gov/safety/recalls-market-withdrawals-safety-alerts/ray-mascari-inc-recalls-4-count-vine-ripe-tomatoes-because-possible-health-risk,
H&C Farms Label,Williams Farms Repack LLC,05/02/2025,Tomatoes,"Food & Beverages, Foodborne Illness, Produce",Potential Foodborne Illness - Salmonella,https://www.fda.gov/safety/recalls-market-withdrawals-safety-alerts/williams-farms-repack-llc-recalls-tomatoes-due-possible-salmonella-contamination,
Ankimo,JJWV Marketing Corporation,05/01/2025,Monkfish Liver,"Food & Beverages, Allergens",Potential or Undeclared Allergen - Milk,https://www.fda.gov/safety/recalls-market-withdrawals-safety-alerts/food-co-issues-allergy-alert-undeclared-milk-monkfish-liver-ankimo,
Health Fixer,Health Fixer,04/29/2025,Male Enhancement Dietary Supplements,Dietary Supplements,"Undeclared Chloropretadalafil, Propoxyphenylsildenafil, Sildenafil",https://www.fda.gov/safety/recalls-market-withdrawals-safety-alerts/health-fixer-issues-voluntary-nationwide-recall-male-ultra-malextra-electro-buzz-ultra-armor-and,
Trader Joe’s,Taylor Fresh Foods,04/29/2025,Sesame Miso Salad with Salmon,"Food & Beverages, Allergens",Potential or Undeclared Allergen - Milk,https://www.fda.gov/safety/recalls-market-withdrawals-safety-alerts/trader-joes-sesame-miso-salad-salmon-voluntarily-recalled-due-undeclared-milk-allergen,
Mauna Loa,Mauna Loa Macadamia Nut Company LLC,04/26/2025,Dark Chocolate Covered Macadamias,Food & Beverages,"Undeclared cashew, almond",https://www.fda.gov/safety/recalls-market-withdrawals-safety-alerts/mauna-loa-macadamia-nut-company-llc-issues-allergy-alert-undeclared-almonds-and-cashews-mauna-loa,
New England Village Snacks,New England Village Foods,04/24/2025,19th Hole Snack Mix,"Food & Beverages, Allergens",Undeclared almonds,https://www.fda.gov/safety/recalls-market-withdrawals-safety-alerts/new-england-village-foods-issues-allergy-alert-undeclared-almonds-19th-hole-snack-mix,
Dexased™ and Dexmedvet™,Cronus Pharma LLC,04/24/2025,Dexmedetomidine Hydrochloride Injection 0.5 mg/mL,Animal & Veterinary,Presence of particulate matter,https://www.fda.gov/safety/recalls-market-withdrawals-safety-alerts/cronus-pharma-llc-initiating-voluntary-recall-dexasedtm-aspen-and-dexmedvettm-cronus-pharma-llc,
Hofood99 Inc,Harvest NYC Inc,04/18/2025,Enoki Mushrooms,"Food & Beverages, Foodborne Illness, Produce",Due to possibility of contamination with Listeria monocytogenes.,https://www.fda.gov/safety/recalls-market-withdrawals-safety-alerts/harvest-nyc-inc-recalls-enoki-mushroom-due-possible-health-risk,
Gerber,Gerber Products Company,04/18/2025,Gerber® Soothe N Chew® Teething Sticks,Food & Beverages,Potential choking hazard for babies and young children,https://www.fda.gov/safety/recalls-market-withdrawals-safety-alerts/recall-reminder-gerber-products-company-previously-recalled-and-discontinued-all-batches-gerberr,
Q’Apel Medical,"Q’Apel Medical, Inc.",04/18/2025,072 Aspiration System,Medical Devices,Distal Tip Design outside scope of 510k clearance,https://www.fda.gov/safety/recalls-market-withdrawals-safety-alerts/fda-classifies-qapel-medical-incs-worldwide-medical-device-recall-and-discontinuation-its-072,
Amneal Pharmaceuticals LLC.,Amneal Pharmaceuticals LLC.,04/18/2025,"Ropivacaine Hydrochloride Injection, USP, 500mg/100mL IV bag",Drugs,Product may contain an inert fiber identified as polypropylene fibers from the IV bag,https://www.fda.gov/safety/recalls-market-withdrawals-safety-alerts/amneal-pharmaceutical-llc-issues-nationwide-recall-ropivacaine-hydrochloride-injection-usp,
May Flower International,"May Flower Internation, Inc.",04/17/2025,Soybean Paste,"Food & Beverages, Allergens",Undeclared wheat,https://www.fda.gov/safety/recalls-market-withdrawals-safety-alerts/may-flower-international-inc-issue-allergy-alert-undeclared-wheat-beijing-soybean-paste,
Dorado Nutrition/Space Garden,"Supplement Manufacturing Partners, Inc.",04/16/2025,Spermidine/Spermidin,"Food & Beverages, Allergens",Undeclared wheat,https://www.fda.gov/safety/recalls-market-withdrawals-safety-alerts/supplement-manufacturing-partner-inc-issues-recall-dorado-nutrition-brand-spermidine-supplement-10mg,
Blue Ridge Beef,Blue Ridge Beef,04/11/2025,Puppy Mix and Kitten Mix,"Animal & Veterinary, Foodborne Illness, Pet Food, Food & Beverages, Foodborne Illness, Pet Food",Salmonella & Listeria contamination.,https://www.fda.gov/safety/recalls-market-withdrawals-safety-alerts/blue-ridge-beef-issues-voluntary-recall-blue-ridge-beef-puppy-mix-and-kitten-mix-due-salmonella,
Marketside,"Duda Farm Fresh Foods, Inc.",04/11/2025,Celery Sticks,"Food & Beverages, Foodborne Illness, Produce",Due to possibility of contamination with Listeria monocytogenes.,https://www.fda.gov/safety/recalls-market-withdrawals-safety-alerts/duda-farm-fresh-foods-inc-emite-aviso-para-1587-cajas-de-marketside-4in16-oz-bundle-pack-por-posible,
Marketside,"Duda Farm Fresh Foods, Inc.",04/10/2025,Celery Sticks,"Food & Beverages, Foodborne Illness, Produce",Due to possibility of contamination with Listeria monocytogenes.,https://www.fda.gov/safety/recalls-market-withdrawals-safety-alerts/duda-farm-fresh-foods-inc-issues-advisory-1587-cases-4-in16-oz-bundle-marketside-celery-sticks,
Heinen’s,Trophy Nut Company,04/09/2025,Honey Roasted Peanuts,"Food & Beverages, Allergens, Nuts & Nut Products",Undeclared cashew allergen,https://www.fda.gov/safety/recalls-market-withdrawals-safety-alerts/trophy-nut-co-issues-allergy-alert-due-undeclared-cashews-heinens-honey-roasted-peanuts,
Caraluzzi’s,Caraluzzi Markets,04/08/2025,Italian Style Seafood Burgers,"Food & Beverages, Allergens",Undeclared egg allergen,https://www.fda.gov/safety/recalls-market-withdrawals-safety-alerts/caraluzzis-markets-issues-allergy-alert-undeclared-egg-caraluzzis-italian-style-seafood-burger-8-oz,
Max Mobility/Permobil,"Max Mobility, LLC.",04/07/2025,Speed Control Dial Component,Medical Devices,Expanded recall due to potential safety and performance concerns,https://www.fda.gov/safety/recalls-market-withdrawals-safety-alerts/max-mobility-permobil-expands-nationwide-recall-smartdrive-speed-control-dial-due-motor-being,
enVista Aspire,Bausch + Lomb Corporation,04/07/2025,"enVista Aspire™, enVista Envy™ and Certain enVista® Monofocal Intraocular Lenses",Medical Devices,Increased frequency of reports of toxic anterior segment syndrome,https://www.fda.gov/safety/recalls-market-withdrawals-safety-alerts/bausch-lomb-announces-voluntary-recall-envista-aspiretm-envista-envytm-and-certain-envistar,
Texas Pete,T.W. Garner Food Company,04/03/2025,Condiments,"Food & Beverages, Allergens, Gravy/Sauces",Potential or Undeclared Allergen-Sulfites,https://www.fda.gov/safety/recalls-market-withdrawals-safety-alerts/tw-garner-food-company-issues-recall-texas-peter-habanero-buffalo-sauce-due-potential-presence,
Supercan,Supercan Bulk,04/02/2025,Pig ear slivers,Animal & Veterinary,Potential Foodborne Illness - Salmonella,https://www.fda.gov/safety/recalls-market-withdrawals-safety-alerts/supercan-bulk-recalls-single-lot-pig-ear-slivers-pet-treats-due-salmonella-contamination,
Panaderia/Bakery,Panaderia Salvadorena Inc.,04/02/2025,Quesadilla de Queso bread,"Food & Beverages, Allergens, Bakery Product/Mix",May contain undeclared milk,https://www.fda.gov/safety/recalls-market-withdrawals-safety-alerts/panaderia-salvadorena-inc-issues-allergy-alert-undeclared-milk-quesadilla-de-queso,
Tony’s Chocolonely Inc.,Tony’s Chocolonely Inc.,04/02/2025,Dark Chocolate Almond Sea Salt Bar and Everything Bar,Food & Beverages,Potential presence of small stones,https://www.fda.gov/safety/recalls-market-withdrawals-safety-alerts/tonys-chocolonely-recalls-two-chocolate-products-because-they-may-contain-small-stones,
Walker’s Wine Juice LLC,Walker’s Wine Juice LLC,04/01/2025,Pumpkin Juice,"Food & Beverages, Foodborne Illness, Juice",Potential Foodborne Illness - Botulism,https://www.fda.gov/safety/recalls-market-withdrawals-safety-alerts/walkers-wine-juice-llc-recalls-product-due-possible-health-risk,
Trader Joe’s,Fresh Creative Foods,03/31/2025,Hot honey mustard dressing,"Food & Beverages, Allergens","Undeclared allergen - peanut, soy, sesame, and wheat.",https://www.fda.gov/safety/recalls-market-withdrawals-safety-alerts/undeclared-allergen-trader-joes-hot-honey-mustard-dressing-use-date-05272025-issued-fresh-creative,
"Ben E. Keith, Rodeo Goat, Casa Linda",The Bakery Group,03/28/2025,"Brioche loaves, Brioche Buns","Food & Beverages, Allergens, Bakery Product/Mix","May contain undeclared milk, soy and yellow FD&C # 5",https://www.fda.gov/safety/recalls-market-withdrawals-safety-alerts/bakery-group-issues-allergen-alert-undeclared-milk-soy-and-yellow-fdc-5-specific-bread-and-hamburger,
"CFS Cromer Food Services, Inc.","Cromer Food Services, Inc.",03/27/2025,Chicken salad on white bread sandwich,Food & Beverages,Undeclared milk,https://www.fda.gov/safety/recalls-market-withdrawals-safety-alerts/cromer-food-services-inc-recalls-chicken-salad-white-sandwich-due-undeclared-milk-allergen,
Tostitos,Frito-Lay,03/27/2025,Cantina Traditional Yellow Corn Tortilla Chips,Food & Beverages,Undeclared milk,https://www.fda.gov/safety/recalls-market-withdrawals-safety-alerts/frito-lay-issues-limited-recall-tostitos-cantina-traditional-yellow-corn-tortilla-chips-undeclared,
Savage Pet,Savage Pet,03/15/2025,Cat Food Chicken,Animal & Veterinary,Possible Bird Flu Health Risk,https://www.fda.gov/safety/recalls-market-withdrawals-safety-alerts/savage-pet-recalls-savage-cat-food-chicken-large-and-small-boxes-because-possible-bird-flu-health,
365 Whole Foods Market,C.H. Guenther & Son LLC,03/14/2025,Small Bites Macaroni & Cheese,Food & Beverages,Undeclared eggs,https://www.fda.gov/safety/recalls-market-withdrawals-safety-alerts/ch-guenther-son-llc-issues-allergy-alert-undeclared-egg-365-whole-foods-market-small-bites-macaroni,
Little Leaf Farms,Little Leaf Farms,03/01/2025,Southwest Salad Kits,Food & Beverages,Undeclared fish and wheat allergen,https://www.fda.gov/safety/recalls-market-withdrawals-safety-alerts/little-leaf-farms-announces-limited-voluntary-withdrawal-specific-lot-code-southwest-salad-kit-due,
CAPS,CAPS,02/25/2025,Phenylephrine 40 mg added to 0.9% Sodium Chloride 250 mL in 250 mL Excel Bag,Drugs,Due to visible black particulate matter,https://www.fda.gov/safety/recalls-market-withdrawals-safety-alerts/central-admixture-pharmacy-services-caps-issues-nationwide-recall-phenylephrine-40-mg-added-09,
SinuCleanse,Ascent Consumer Products Inc.,02/25/2025,Soft Tip Squeeze Bottle Nasal Wash System,Drugs,Microbial contamination of the product with Staphylococcus aureus (S. aureus),https://www.fda.gov/safety/recalls-market-withdrawals-safety-alerts/ascent-consumer-products-inc-issues-voluntary-nationwide-recall-sinucleanse-soft-tip-squeeze-bottle,
"ReadyCare, Imperial",Lyons Magnus LLC,02/23/2025,Frozen supplemental shakes,"Food & Beverages, Foodborne Illness",Possible Listeria monocytogenes contamination,https://www.fda.gov/safety/recalls-market-withdrawals-safety-alerts/lyons-magnus-recalls-lyons-readycare-and-sysco-imperial-frozen-supplemental-shakes-manufactured,
Glicks,Kayco,02/21/2025,Dark Chocolate Conettos,"Food & Beverages, Allergens",Undeclared milk allergen,https://www.fda.gov/safety/recalls-market-withdrawals-safety-alerts/kayco-issues-allergy-alert-undeclared-milk-limited-units-glicks-dark-chocolate-conettos,
Las Ollas,Kedake Inc,02/20/2025,Las Ollas Botana Mix Snacks and Delights 2 lb packages,"Food & Beverages, Allergens","Undeclared wheat, sesame, soy, yellow 5, yellow 6, red 6",https://www.fda.gov/safety/recalls-market-withdrawals-safety-alerts/kedake-inc-issues-allergy-alert-undeclared-sesame-soy-wheat-yellow-no-5-yellow-no-6-and-red-no-6,
Vitality,One Source Nutrition,02/20/2025,Vitality male enhancement dietary supplement capsules,"Dietary Supplements, Drugs",Undeclared Sildenafil and Tadalafil,https://www.fda.gov/safety/recalls-market-withdrawals-safety-alerts/one-source-nutrition-inc-issues-voluntary-nationwide-recall-vitality-capsules-due-presence,
Ulker,ZB Importing LLC,02/20/2025,"Snack rolls, biscuits, and wafers","Food & Beverages, Allergens","Undeclared allergen (wheat, eggs, milk)",https://www.fda.gov/safety/recalls-market-withdrawals-safety-alerts/zb-importing-issue-voluntary-recall-and-allergy-alert-undeclared-egg-wheat-and-milk-certain-ulker,
Naturipe Snacks,Naturipe Value Added Fresh LLC,02/19/2025,"Berry Buddies, Berries & Pancakes bento box snack packs","Food & Beverages, Allergens","Undeclared allergen (wheat, eggs)",https://www.fda.gov/safety/recalls-market-withdrawals-safety-alerts/naturipe-value-added-fresh-llc-issues-allergy-alert-undeclared-wheat-eggs-berry-buddies-berries,
BD,BD,02/18/2025,ChloraPrep Clear 1 mL applicator skin preparation product,Drugs,Potential for fungal contamination under certain environmental conditions allowing the growth of Aspergillus penicillioides,https://www.fda.gov/safety/recalls-market-withdrawals-safety-alerts/bd-announces-voluntary-worldwide-recall-one-lot-chlorapreptm-clear-1-ml-applicators-due-fungal,
Mauna Loa,"Mauna Loa Macadamia Nut Company, LLC",02/15/2025,Mauna Loa Milk Chocolate Covered Macadamias,Food & Beverages,Undeclared almonds,https://www.fda.gov/safety/recalls-market-withdrawals-safety-alerts/mauna-loa-macadamia-nut-company-llc-issues-product-recall-undeclared-almonds-mauna-loa-milk,
ICU Medical,ICU Medical,02/14/2025,POTASSIUM CHLORIDE Inj. 20 mEq and 10 mEq,Drugs,Bags of POTASSIUM CHLORIDE Inj. 20 mEq have incorrect overwrap labels which state POTASSIUM CHLORIDE Inj. 10 mEq.,https://www.fda.gov/safety/recalls-market-withdrawals-safety-alerts/icu-medical-issues-nationwide-recall-potassium-chloride-injection-20-meq-and-potassium-chloride,
"Cub Foods, Jerrys Foods, Country Market",JE Bakery LLC DBA Broadway Bakery,02/14/2025,Raisin Bran Muffin,Food & Beverages,Undeclared walnuts,https://www.fda.gov/safety/recalls-market-withdrawals-safety-alerts/je-bakery-2019-llc-dba-broadway-bakery-issues-allergy-alert-mislabeled-raisin-bran-muffin-6-count,
CHOSHIYA,AKT Trading Inc.,02/12/2025,Menma Ajitsuke Prepared Bamboo Shoot,"Food & Beverages, Foodborne Illness",Potential Foodborne Illness - Botulism,https://www.fda.gov/safety/recalls-market-withdrawals-safety-alerts/akt-trading-inc-recalls-seasoned-bamboo-shoots-because-possible-health-risk,
"Genova, Van Camp’s, H-E-B, Trader Joe’s",Tri-Union Seafoods,02/10/2025,Canned tuna,"Food & Beverages, Foodborne Illness",Potential Foodborne Illness - Botulism,https://www.fda.gov/safety/recalls-market-withdrawals-safety-alerts/tri-union-seafoods-issues-recall-select-genovar-van-campsr-h-e-b-and-trader-joesr-tuna-cans-due,
Jack & the Green Sprouts,"Jack and the Green Sprouts, Inc.",02/08/2025,Alfalfa Sprouts,"Food & Beverages, Foodborne Illness",Potential Foodborne Illness – Listeria monocytogenes,https://www.fda.gov/safety/recalls-market-withdrawals-safety-alerts/jack-and-green-sprouts-recalls-expired-alfalfa-sprouts-because-possible-health-risk,
Aleppo,Turkana Food Inc.,02/06/2025,Tahini Sesame Paste,"Food & Beverages, Foodborne Illness",Potential Foodborne Illness - Salmonella,https://www.fda.gov/safety/recalls-market-withdrawals-safety-alerts/turkana-food-inc-recalls-aleppo-tahini-sesame-paste-1lb-16oz-because-possible-health-risk,
Alvogen,"Alvogen, Inc.",01/31/2025,Fentanyl Transdermal System 25 mcg/h transdermal patches,Drugs,"There is potential that patches could be multi-stacked, adhered one on top of the other, in a single product pouch",https://www.fda.gov/safety/recalls-market-withdrawals-safety-alerts/alvogen-issues-voluntary-nationwide-recall-one-lot-fentanyl-transdermal-system-25-mcgh-due-defective,
Blue Ridge Beef,Blue Ridge Beef,01/31/2025,Natural Mix,"Animal & Veterinary, Foodborne Illness, Pet Food, Food & Beverages, Foodborne Illness, Pet Food",Salmonella contamination,https://www.fda.gov/safety/recalls-market-withdrawals-safety-alerts/blue-ridge-beef-issues-recall-blue-ridge-beef-natural-mix-due-salmonella-contamination,
Gerber,Gerber Products Company,01/31/2025,Gerber® Soothe N Chew® Teething Sticks,"Food & Beverages, Foodborne Illness",Potential choking hazard for babies and young children,https://www.fda.gov/safety/recalls-market-withdrawals-safety-alerts/gerber-products-company-announces-recall-and-discontinuation-all-batches-gerberr-soothe-n-chewr,
Olympus,Olympus Corporation,01/30/2025,MAJ-891 endoscope accessory,Medical Devices,Risk of device contamination that may result from improper reprocessing.,https://www.fda.gov/safety/recalls-market-withdrawals-safety-alerts/olympus-issues-medical-device-advisory-notice-use-alternative-devices-maj-891-forcepsirrigation-plug,
Fresh Direct,United Natural Trading LLC,01/30/2025,Dark Chocolate Covered Pretzels,"Food & Beverages, Allergens, Snack Food Item",Undeclared milk,https://www.fda.gov/safety/recalls-market-withdrawals-safety-alerts/united-natural-trading-llc-announces-allergy-alert-undeclared-milk-fresh-direct-dark-chocolate,
La Fiesta,"La Fiesta Food Products, LLC.",01/28/2025,Breadcrumbs (pan Rayado),"Food & Beverages, Allergens",Undeclared allergen (sesame),https://www.fda.gov/safety/recalls-market-withdrawals-safety-alerts/recall-la-fiesta-brand-bread-crumbs-unseasoned-and-seasoned-undeclared-sesame,
Shirakiku,"Wismettac Asian Foods, Inc.",01/28/2025,Snack foods-Corn Puffs,"Food & Beverages, Allergens, Snack Food Item",Undeclared milk.,https://www.fda.gov/safety/recalls-market-withdrawals-safety-alerts/wismettac-asian-foods-issues-allergy-alert-undeclared-milk-curvee-puffs-corn-puff-snack,
Zaarah Herbals,New York Wholesale Group,01/27/2025,Shatavari Powder,"Food & Beverages, Contaminants",Product may be contaminated with elevated levels of lead.,https://www.fda.gov/safety/recalls-market-withdrawals-safety-alerts/new-york-wholesale-group-recalls-zaarah-herbals-shatavari-powder-because-possible-health-risk,
Provepharm Inc.,Provepharm Inc.,01/24/2025,"Phenylephrine hydrochloride Injection, USP, 10 mg/ mL",Drugs,Device & Drug Safety – Potential Foreign Material,https://www.fda.gov/safety/recalls-market-withdrawals-safety-alerts/provepharm-inc-issues-voluntary-nationwide-recall-one-lot-phenylephrine-hydrochloride-injection-usp,
"Wabash Valley Farms, Rural King",TS FOOD PACKAGING,01/24/2025,Bacon flavor popcorn seasoning,"Food & Beverages, Allergens",Potential or Undeclared Allergen – soy,https://www.fda.gov/safety/recalls-market-withdrawals-safety-alerts/ts-food-packaging-recalling-its-rural-king-and-wabash-valley-farms-bacon-seasoning-due-presence,
Paras,Apna Wholesale Inc,01/22/2025,Premium Golden Raisins,Food & Beverages,Undeclared Sulfites,https://www.fda.gov/safety/recalls-market-withdrawals-safety-alerts/apna-wholesale-issues-alert-undeclared-sulfites-paras-premium-golden-raisins,
Colussi,D. Coluccio & Sons,01/21/2025,“Colussi Cantuccini Chocolate Drops” chocolate chip cookies,Food & Beverages,Undeclared almond,https://www.fda.gov/safety/recalls-market-withdrawals-safety-alerts/d-coluccio-sons-issues-allergy-alert-undeclared-almonds-colussi-cantuccini-chocolate-drops-cookies,
Shirakiku,"Wismettac Asian Foods, Inc.",01/20/2025,Snack foods-Corn Puffs,"Food & Beverages, Allergens, Snack Food Item",Undeclared milk.,https://www.fda.gov/safety/recalls-market-withdrawals-safety-alerts/wismettac-asian-foods-issues-allergy-alert-undeclared-milk-curvee-puffs-corn-puff-snack-curry-flavor,
Max Mobility/Permobil,"Max Mobility, LLC.",01/17/2025,Speed Control Dial Component,Medical Devices,Due to potential safety and performance concerns.,https://www.fda.gov/safety/recalls-market-withdrawals-safety-alerts/max-mobility-permobil-issues-nationwide-recall-smartdrive-speed-control-dial-due-motor-being,
Monkey Spit,"Monkey Spit, LLC.",01/17/2025,Barbecue sauces,"Food & Beverages, Allergens, Gravy/Sauces","Undeclared Milk, Soy, and Wheat",https://www.fda.gov/safety/recalls-market-withdrawals-safety-alerts/monkey-spit-llc-issues-allergy-alert-undeclared-milkwheatsoy-monkey-spit-bbq-sauces,
"New York Mutual Trading Co., Inc.","New York Mutual Trading, Co., Inc.",01/16/2025,Monkfish Liver,"Food & Beverages, Allergens",Undeclared milk allergen.,https://www.fda.gov/safety/recalls-market-withdrawals-safety-alerts/mutual-trading-co-issues-allergy-alert-undeclared-milk-prepared-monkfish-liver,
Pearl Milling Company,The Quaker Oats Company,01/15/2025,Pancake and Waffle Mix,"Food & Beverages, Allergens",Undeclared Milk,https://www.fda.gov/safety/recalls-market-withdrawals-safety-alerts/quaker-issues-limited-recall-undeclared-milk-pearl-milling-company-original-pancake-waffle-mix,
Gerber,Gerber Products Company,01/31/2025,Gerber® Soothe N Chew® Teething Sticks,"Food & Beverages, Foodborne Illness",Potential choking hazard for babies and young children,https://www.fda.gov/safety/recalls-market-withdrawals-safety-alerts/gerber-products-company-announces-recall-and-discontinuation-all-batches-gerberr-soothe-n-chewr,
Blue Ridge Beef,Blue Ridge Beef,01/31/2025,Natural Mix,"Animal & Veterinary, Foodborne Illness, Pet Food, Food & Beverages, Foodborne Illness, Pet Food",Salmonella contamination,https://www.fda.gov/safety/recalls-market-withdrawals-safety-alerts/blue-ridge-beef-issues-recall-blue-ridge-beef-natural-mix-due-salmonella-contamination,
Alvogen,"Alvogen, Inc.",01/31/2025,Fentanyl Transdermal System 25 mcg/h transdermal patches,Drugs,"There is potential that patches could be multi-stacked, adhered one on top of the other, in a single product pouch",https://www.fda.gov/safety/recalls-market-withdrawals-safety-alerts/alvogen-issues-voluntary-nationwide-recall-one-lot-fentanyl-transdermal-system-25-mcgh-due-defective,
Olympus,Olympus Corporation,01/30/2025,MAJ-891 endoscope accessory,Medical Devices,Risk of device contamination that may result from improper reprocessing.,https://www.fda.gov/safety/recalls-market-withdrawals-safety-alerts/olympus-issues-medical-device-advisory-notice-use-alternative-devices-maj-891-forcepsirrigation-plug,
Fresh Direct,United Natural Trading LLC,01/30/2025,Dark Chocolate Covered Pretzels,"Food & Beverages, Allergens, Snack Food Item",Undeclared milk,https://www.fda.gov/safety/recalls-market-withdrawals-safety-alerts/united-natural-trading-llc-announces-allergy-alert-undeclared-milk-fresh-direct-dark-chocolate,
La Fiesta,"La Fiesta Food Products, LLC.",01/28/2025,Breadcrumbs (pan Rayado),"Food & Beverages, Allergens",Undeclared allergen (sesame),https://www.fda.gov/safety/recalls-market-withdrawals-safety-alerts/recall-la-fiesta-brand-bread-crumbs-unseasoned-and-seasoned-undeclared-sesame,
Shirakiku,"Wismettac Asian Foods, Inc.",01/28/2025,Snack foods-Corn Puffs,"Food & Beverages, Allergens, Snack Food Item",Undeclared milk.,https://www.fda.gov/safety/recalls-market-withdrawals-safety-alerts/wismettac-asian-foods-issues-allergy-alert-undeclared-milk-curvee-puffs-corn-puff-snack,
Zaarah Herbals,New York Wholesale Group,01/27/2025,Shatavari Powder,"Food & Beverages, Contaminants",Product may be contaminated with elevated levels of lead.,https://www.fda.gov/safety/recalls-market-withdrawals-safety-alerts/new-york-wholesale-group-recalls-zaarah-herbals-shatavari-powder-because-possible-health-risk,
Provepharm Inc.,Provepharm Inc.,01/24/2025,"Phenylephrine hydrochloride Injection, USP, 10 mg/ mL",Drugs,Device & Drug Safety – Potential Foreign Material,https://www.fda.gov/safety/recalls-market-withdrawals-safety-alerts/provepharm-inc-issues-voluntary-nationwide-recall-one-lot-phenylephrine-hydrochloride-injection-usp,
"Wabash Valley Farms, Rural King",TS FOOD PACKAGING,01/24/2025,Bacon flavor popcorn seasoning,"Food & Beverages, Allergens",Potential or Undeclared Allergen – soy,https://www.fda.gov/safety/recalls-market-withdrawals-safety-alerts/ts-food-packaging-recalling-its-rural-king-and-wabash-valley-farms-bacon-seasoning-due-presence,
Paras,Apna Wholesale Inc,01/22/2025,Premium Golden Raisins,Food & Beverages,Undeclared Sulfites,https://www.fda.gov/safety/recalls-market-withdrawals-safety-alerts/apna-wholesale-issues-alert-undeclared-sulfites-paras-premium-golden-raisins,
Colussi,D. Coluccio & Sons,01/21/2025,“Colussi Cantuccini Chocolate Drops” chocolate chip cookies,Food & Beverages,Undeclared almond,https://www.fda.gov/safety/recalls-market-withdrawals-safety-alerts/d-coluccio-sons-issues-allergy-alert-undeclared-almonds-colussi-cantuccini-chocolate-drops-cookies,
Shirakiku,"Wismettac Asian Foods, Inc.",01/20/2025,Snack foods-Corn Puffs,"Food & Beverages, Allergens, Snack Food Item",Undeclared milk.,https://www.fda.gov/safety/recalls-market-withdrawals-safety-alerts/wismettac-asian-foods-issues-allergy-alert-undeclared-milk-curvee-puffs-corn-puff-snack-curry-flavor,
Max Mobility/Permobil,"Max Mobility, LLC.",01/17/2025,Speed Control Dial Component,Medical Devices,Due to potential safety and performance concerns.,https://www.fda.gov/safety/recalls-market-withdrawals-safety-alerts/max-mobility-permobil-issues-nationwide-recall-smartdrive-speed-control-dial-due-motor-being,
Monkey Spit,"Monkey Spit, LLC.",01/17/2025,Barbecue sauces,"Food & Beverages, Allergens, Gravy/Sauces","Undeclared Milk, Soy, and Wheat",https://www.fda.gov/safety/recalls-market-withdrawals-safety-alerts/monkey-spit-llc-issues-allergy-alert-undeclared-milkwheatsoy-monkey-spit-bbq-sauces,
"New York Mutual Trading Co., Inc.","New York Mutual Trading, Co., Inc.",01/16/2025,Monkfish Liver,"Food & Beverages, Allergens",Undeclared milk allergen.,https://www.fda.gov/safety/recalls-market-withdrawals-safety-alerts/mutual-trading-co-issues-allergy-alert-undeclared-milk-prepared-monkfish-liver,
Pearl Milling Company,The Quaker Oats Company,01/15/2025,Pancake and Waffle Mix,"Food & Beverages, Allergens",Undeclared Milk,https://www.fda.gov/safety/recalls-market-withdrawals-safety-alerts/quaker-issues-limited-recall-undeclared-milk-pearl-milling-company-original-pancake-waffle-mix,
NuGo,Lifestyle Evolution Inc.,01/10/2025,NuGo Dark Chocolate Chip Nutrition Bar and NuGo Dark Pretzel Chocolate Nutrition Bar,"Food & Beverages, Allergens",Undeclared milk,https://www.fda.gov/safety/recalls-market-withdrawals-safety-alerts/lifestyle-evolution-voluntarily-recalls-nugo-dark-chocolate-chip-and-nugo-dark-pretzel-due,
My Mochi,My Mochi Ice Cream Company LLC,01/10/2025,My Mochi Peach Mango Sorbet,"Food & Beverages, Allergens",Undeclared egg,https://www.fda.gov/safety/recalls-market-withdrawals-safety-alerts/mochi-ice-cream-company-llc-issues-allergy-alert-undeclared-egg-peach-mango-sorbet,
Dierbergs Kitchen,Dierbergs Markets,01/07/2025,Premium Home-Style Mashed Potatoes,"Food & Beverages, Allergens",Undeclared wheat,https://www.fda.gov/safety/recalls-market-withdrawals-safety-alerts/dierbregs-markets-issues-allergy-alert-undeclared-wheat-product,
Wicklow Gold,Abbey Specialty Foods,01/03/2025,Cheddar style cheeses,"Food & Beverages, Foodborne Illness, Cheese/Cheese Product",Potential to be contaminated with Listeria monocytogenes,https://www.fda.gov/safety/recalls-market-withdrawals-safety-alerts/abbey-specialty-foods-recalls-wicklow-gold-cheddar-nettle-chive-52-oz-and-wicklow-gold-cheddar,
Blue Ridge Beef,Blue Ridge Beef,01/03/2025,Kitten mix pet food,"Animal & Veterinary, Pet Food",Potential to be contaminated with Salmonella,https://www.fda.gov/safety/recalls-market-withdrawals-safety-alerts/blue-ridge-beef-recalls-blue-ridge-beef-kitten-mix-due-salmonella-contamination,
